validation_status,missing_fields,evidence_boundary,technology_id,technology_name_en,company_id,company_name_en,company_name_zh,world500_rank,industry_section_code,industry_section_en,subtype_id,subtype_en,project_name_en,measure_name_en,implementation_stage,timeline_years,cost_or_investment_en,cost_or_investment_review_note_en,cost_evidence_status,abatement_effect_en,evidence_page,source_file,report_title_en,snippet_en
valid_project_evidence,,page_level_project_or_measure_evidence,battery_storage,Battery and energy storage,r036_fordmotor,FORD MOTOR,福特汽车公司,36,C,Manufacturing,ev_battery,EV batteries and battery plants,BlueOval City and BlueOval SK Battery Park,Planned investment in BlueOval City and BlueOval SK Battery Park,announced planned investment and development,2021 | 2024,$11.4B planned investment announced in 2021.,,accepted_project_cost_or_investment_evidence,,7,2025-integrated-sustainability-and-financial-report-FORD MOTOR.pdf,Ford Integrated Sustainability and Financial Report 2025,"2021 Announced $11.4B planned investment in BlueOval City and BlueOval SK Battery Park. Launched Ford Pro. Issued $2.5B inaugural Green Bond, the largest non-financial corporate green bond to date."
valid_project_evidence,,page_level_project_or_measure_evidence,battery_storage,Battery and energy storage,r264_riotintogroup,RIO TINTO GROUP,力拓集团,264,B,Mining,stationary_storage,Battery energy storage opportunity,Yindjibarndi Energy Corporation renewable energy project,"Project in development including 75 MW solar and potential wind, solar, and battery energy storage systems collaboration",in development and collaboration; not yet complete,2024,,,missing_project_cost_or_investment_evidence,,27,2024-RIO TINTO GROUP-annual-report.pdf,Rio Tinto Annual Report 2024,"Rio Tinto is exploring a renewable energy project with the Yindjibarndi Energy Corporation. Currently in development by YEC, the project includes 75 MW of solar on a greenfield site west of Millstream Chichester National Park on Yindjibarndi Country. It is the first project the parties are exploring together since signing an MOU to collaborate on potential renewable energy opportunities, including wind and solar power and battery energy storage systems."
valid_project_evidence,,page_level_project_or_measure_evidence,battery_storage,Battery and energy storage,r401_suncorenergy,SUNCOR ENERGY,森科能源公司,401,D,"Electricity, Heat, Gas and Water Production and Supply",flow_battery_vanadium,Vanadium electrolyte for flow batteries,Lower-cost vanadium for energy storage initiative,Using vanadium produced at coke-fired boilers as electrolyte input for flow batteries to support low-cost energy storage,initiative supported by Emissions Reduction Alberta,2023,Emissions Reduction Alberta invested USD 7 million through the Circular Economy Challenge to support the initiative.,,accepted_project_cost_or_investment_evidence,Report states the initiative should support integration of renewable electricity generation and contribute to low-cost storage needed for greater adoption of low-carbon electricity.,17,2023_SUNCOR ENERGY_sustainability_report.pdf,Suncor Energy Sustainability Report 2023,"Suncor reports that vanadium produced at coke-fired boilers produces the electrolyte used in flow batteries. Increasing the use of lower-cost vanadium for the energy storage industry is anticipated to support increased integration of renewable electricity generation into the energy system. Emissions Reduction Alberta invested USD 7 million through the Circular Economy Challenge to support the initiative, which is expected to contribute to low-cost energy storage solutions required for greater adoption of low-carbon electricity generation."
valid_project_evidence,,page_level_project_or_measure_evidence,carbon_management,"Carbon management, methane, CCUS, and removals",r176_巴西jbs公司,JBS,巴西JBS,176,C,Manufacturing,methane_capture_biodigesters,Methane capture through biodigesters,Lagoon-covering methane capture projects,Covering lagoons for methane capture through biodigesters and converting captured methane into clean fuel,project portfolio disclosed,2023 | 2030,,,missing_project_cost_or_investment_evidence,Report links the projects to methane capture and clean-fuel conversion; quantified CO2e abatement is not disclosed in this snippet.,21,JBS_Sustainability_Report_2023.pdf,JBS Sustainability Report 2023,"JBS reports monitoring indicators related to electricity and water consumption to optimize production processes and reduce usage, a target to achieve 60% renewable electricity use by 2030, and projects covering lagoons for methane capture through biodigesters, converting it into clean fuel."
valid_project_evidence,,page_level_project_or_measure_evidence,carbon_management,"Carbon management, methane, CCUS, and removals",r208_sumitomomitsuifinancialgroup,SUMITOMO MITSUI FINANCIAL GROUP,日本三井住友金融集团,208,J,Finance,ccs_infrastructure_finance,CCS infrastructure project finance,Net Zero Teesside Power and Northern Endurance Partnership,"Project finance for UK CCS infrastructure covering thermal power generation, carbon capture, carbon transportation and storage",project finance case study,2025,,Report names project finance for CCS infrastructure; financed amount is not disclosed in this snippet.,cost_not_disclosed_or_unquantified_review_note,Snippet states the infrastructure will supply low-carbon electricity to more than 1 million households.,27,SUMITOMO MITSUI FINANCIAL GROUP sustainability_report_e_2025.pdf,Sumitomo Mitsui Financial Group Sustainability Report 2025,"The Transition Finance Playbook case study lists project finance for CCS infrastructure in the UK: Net Zero Teesside Power for thermal power generation and carbon capture, and the Northern Endurance Partnership for carbon transportation and storage. The snippet states the project will supply low-carbon electricity to more than 1 million households and contribute to renewable energy expansion as an adjustment power source."
valid_project_evidence,,page_level_project_or_measure_evidence,carbon_management,"Carbon management, methane, CCUS, and removals",r401_suncorenergy,SUNCOR ENERGY,森科能源公司,401,D,"Electricity, Heat, Gas and Water Production and Supply",ccus,Carbon capture and storage project,Pathways Alliance carbon capture and storage project in northern Alberta,Proposed CCS project with Pathways Alliance and government agreement milestone,proposed project; critical milestone achieved,2024 | 2030,,,missing_project_cost_or_investment_evidence,Report links the net zero objective to an interim target of reducing emissions by 10 megatonnes by 2030 across the value chain.,5,2023_SUNCOR ENERGY_sustainability_report.pdf,Suncor Energy Report on Sustainability 2023,"Suncor states its net zero by 2050 objective, with an interim target of reducing emissions by 10 megatonnes by 2030 across its value chain, is well underway. The report describes a proposed carbon capture and storage (CCS) project in northern Alberta with the Pathways Alliance, a consortium of Canada's six largest oil sands producers, and states the Alliance's agreement with the Government of Alberta achieved a critical milestone."
valid_project_evidence,,page_level_project_or_measure_evidence,carbon_management,"Carbon management, methane, CCUS, and removals",r454_sompoholdings,SOMPO HOLDINGS,损保控股有限公司,454,J,Finance,methane_flaring,Methane leak detection from satellite images,Momentick methane leak satellite-image demonstration experiment,Sompo Japan Insurance and Sompo Risk Management demonstration experiment with Momentick Ltd. to analyze methane leaks from corporate facilities using satellite images,demonstration experiment started,2024,,,missing_project_cost_or_investment_evidence,The snippet describes detection and analysis of greenhouse gas methane leaks; quantified abatement is not disclosed.,52,2024_SOMPO HOLDINGS_sustainability_report.pdf,SOMPO Holdings Sustainability Report 2024,"Sompo states that Sompo Japan Insurance and Sompo Risk Management started a demonstration experiment with Momentick Ltd., an Israeli start-up with methane detection technology based on satellite information, to develop services and insurance using technology for analyzing greenhouse gas methane leaks from corporate facilities from satellite images."
valid_project_evidence,,page_level_project_or_measure_evidence,carbon_management,"Carbon management, methane, CCUS, and removals",r461_rabobankgroup,RABOBANK GROUP,荷兰合作银行集团,461,J,Finance,removals_offsets,Agroforestry carbon removal units,Acorn Agroforestry Carbon Removal Units program,Smallholder farmer agroforestry program generating Carbon Removal Units and certified nature-based carbon credits,program active and scaled,2024,,Report states 80% of carbon sales revenue goes to farmers.,cost_not_disclosed_or_unquantified_review_note,"Report states smallholder farmers switching to agroforestry can generate Carbon Removal Units through the Acorn program; 435,407 farmers were supported by Acorn.",16,rabobank_impact_report_2024.pdf,Rabobank Impact Report 2024,"Rabobank states that in 2024 it strengthened sustainability efforts through the Acorn program. Smallholder farmers in developing and emerging regions that switch to agroforestry can generate Carbon Removal Units through the Acorn program, Agroforestry Carbon Removal Units for the Organic Restoration of Nature. The report states 435,407 farmers were supported by Acorn and 80% of carbon sales revenue goes to farmers."
valid_project_evidence,,page_level_project_or_measure_evidence,electrified_transport,Electrified transport,r001_walmart,WALMART,沃尔玛,1,F,Wholesale and Retail Trade,fleet_ev,Heavy-duty battery EVs and electric yard trucks,Class 8 Heavy-Duty and Yard Truck Innovations,Piloting electric semi-trucks and using electric yard trucks at some facilities,piloting and in-use at some facilities,2024,,,missing_project_cost_or_investment_evidence,Report states electric yard trucks demonstrated over a 75% emissions reduction per hour of operation compared to diesel-powered vehicles.,31,FY2025-Walmart-ESG-Report.pdf,Walmart ESG Report FY2025,"Class 8 Heavy-Duty and Yard Truck Innovations: We support the development of new technologies like renewable diesel, battery-electric, and hydrogen fuels through feasibility testing and collaboration with manufacturers. For example, we are piloting electric semi-trucks in our fleet and currently use electric yard trucks at some facilities, which have demonstrated over a 75% emissions reduction, per hour of operation, compared to diesel-powered vehicles."
valid_project_evidence,,page_level_project_or_measure_evidence,electrified_transport,Electrified transport,r002_amazoncom,AMAZON.COM,亚马逊,2,F,Wholesale and Retail Trade,fleet_ev,Electric delivery vans and charging network,Electric delivery fleet expansion,Deploying electric delivery vans globally and chargers at delivery stations,deployed and expanding,2024 | 2025 | 2030,,,missing_project_cost_or_investment_evidence,Report describes the eActros 600 heavy goods vehicles joining Amazon's Europe network as zero-tailpipe-emission vehicles; no quantified CO2e avoided amount is disclosed in this snippet.,9,2024-amazon-sustainability-report.pdf,Amazon Sustainability Report 2024,"Expanding our electric delivery fleet by delivering 1.5 billion packages to customers using more than 31,400 electric delivery vans and other EVs. To support our expanding EV network, we installed 11,770 chargers at 50 delivery stations, creating the largest private charging network in the U.S. In early 2025, we also announced our largest order of zero-tailpipe-emission heavy goods vehicles, with more than 200 new Mercedes-Benz Trucks eActros 600 vehicles set to join our transportation network in Europe."
valid_project_evidence,,page_level_project_or_measure_evidence,electrified_transport,Electrified transport,r163_sysco,SYSCO,西斯科公司,163,F,Wholesale and Retail Trade,fleet_ev_and_charging_hub,Fleet EV deployment and charging hub,Sysco Riverside EV Hub and global fleet EV deployment,"Deploying an additional 110 EVs across global fleets and completing the Riverside, California EV Hub",deployed progress reported in FY2024 sustainability reporting,2024,,Report snippet does not disclose quantified EV or hub cost.,cost_not_disclosed_or_unquantified_review_note,Report snippet states the measure supported Scope 1 and 2 reductions; quantified CO2e abatement is not disclosed in this snippet.,9,Sysco FY24 Sustainability Report.pdf,Sysco FY24 Sustainability Report,"PROGRESS: Supported Scope 1 and 2 reductions by deploying an additional 110 EVs across our global fleets, completing our Riverside, California, EV Hub."
valid_project_evidence,,page_level_project_or_measure_evidence,electrified_transport,Electrified transport,r246_ciscosystems,CISCO SYSTEMS,思科公司,246,C,Manufacturing,building_and_fleet_electrification_bundle,Building and fleet electrification investment bundle,Cisco US$39 million decarbonization investment bundle,Investing in building and fleet electrification projects as part of a bundled Scope 1 and 2 reduction plan,planned investment from fiscal 2023 onward,2023,"Approximately US$39 million is disclosed for the combined renewable energy, energy efficiency, and building and fleet electrification project bundle; the snippet does not allocate cost by technology.",,accepted_project_cost_or_investment_evidence,Report snippet states the investment is intended to reduce Scope 1 and 2 emissions and support near-term target progress; quantified CO2e abatement is not disclosed in this snippet.,31,CISCO SYSTEMS purpose-report-2024.pdf,Cisco Purpose Report 2024,"To reduce Scope 1 and 2 emissions and make progress on our near-term target, we plan to invest approximately US$39 million in renewable energy, energy efficiency, and building and fleet electrification projects from fiscal 2023 onward."
valid_project_evidence,,page_level_project_or_measure_evidence,electrified_transport,Electrified transport,r329_astrazeneca,ASTRAZENECA,阿斯利康,329,C,Manufacturing,fleet_battery_electric_vehicles,Battery-electric company fleet,AstraZeneca global fleet battery-electric vehicle transition,Transitioning the global fleet to battery electric vehicles,2024 milestone reached,2024,,Report snippet does not disclose quantified fleet electrification cost.,cost_not_disclosed_or_unquantified_review_note,Report snippet states over 60% of the global fleet was battery electric vehicles; quantified CO2e abatement is not disclosed in this snippet.,116,AstraZeneca_AR_2024.pdf,AstraZeneca Annual Report 2024,"In 2024, we reached the significant milestone of over 60% of our global fleet being battery electric vehicles."
valid_project_evidence,,page_level_project_or_measure_evidence,electrified_transport,Electrified transport,r353_woolworthsgroup,WOOLWORTHS GROUP,伍尔沃斯集团,353,F,Wholesale and Retail Trade,fleet_electric_vehicles,Fleet electric vehicles,Woolworths fleet electric vehicles,Deploying 75 electric vehicles in the company fleet,fleet transition disclosed in 2025 sustainability reporting,2025,,Report snippet does not disclose quantified electric-vehicle cost.,cost_not_disclosed_or_unquantified_review_note,"Report snippet states direct emissions had been reduced by 22.9% from the F23 baseline, but does not isolate the contribution of electric vehicles.",4,2025_WOOLWORTHS GROUP_Sustainability_Report_Interactive_SPREADS.pdf,Woolworths Group Sustainability Report 2025,"We are committed to aligning with a 1.5°C future, having reduced our direct emissions by 22.9% from our F23 baseline, with a pathway to 100% renewable electricity by 2025 and 75 electric vehicles in our fleet."
valid_project_evidence,,page_level_project_or_measure_evidence,electrified_transport,Electrified transport,r478_siemensenergy,SIEMENS ENERGY,西门子能源,478,D,"Electricity, Heat, Gas and Water Production and Supply",fleet_ev,Owned fleet EV transition,Siemens Energy 100% electric car fleet transformation,Transforming the entire car fleet to 100% electric vehicles as part of climate-neutral operations by 2030,in progress toward 2030 climate-neutral operations target,2023 | 2030,,,missing_project_cost_or_investment_evidence,Report identifies fleet electrification as one lever for reducing Siemens Energy's operational carbon footprint; quantified abatement is not disclosed in this snippet.,7,SIEMENS ENERGY-sustainability-report-2024-pdf_Original%20file.pdf,Siemens Energy Sustainability Report 2024,"Siemens Energy states that its goal is to be climate neutral within operations by 2030. One lever is using renewable electricity in all facilities around the globe, a target the company says it reached in fiscal year 2023. The same passage also notes reducing energy consumption, increasing electrification in processes and buildings, and transforming the entire car fleet to 100% electric vehicles."
valid_project_evidence,,page_level_project_or_measure_evidence,energy_efficiency,Advanced clean power and energy efficiency,r031_samsungelectronics,SAMSUNG ELECTRONICS,三星电子,31,C,Manufacturing,industrial_energy_efficiency,Industrial waste-heat recovery,LNG use reduction and waste heat recovery,Reduce LNG boiler usage through expansion of waste heat recovery,roadmap execution and expansion,2023 | 2024 | 2030 | 2050,,,missing_project_cost_or_investment_evidence,Report identifies reduced LNG boiler usage through waste heat recovery as part of Samsung Electronics' DS Division GHG Emission Reduction Roadmap to achieve net zero Scope 1 and 2 emissions.,20,SAMSUNG ELECTRONICS_Sustainability_report_2024_en.pdf,Samsung Electronics Sustainability Report 2024,"To reduce the use of LNG boilers, Samsung Electronics will expand the utilization of waste heat and consider introducing electric heat sources. The roadmap includes reducing LNG boiler usage through expansion of waste heat recovery and expanding the utilization of the waste heat recovery system."
valid_project_evidence,,page_level_project_or_measure_evidence,energy_efficiency,Advanced clean power and energy efficiency,r048_homedepot,HOME DEPOT,家得宝,48,F,Wholesale and Retail Trade,energy_saving_products_energy_star,Energy-saving products and ENERGY STAR products,Customer GHG reduction through purchase and proper use of energy-saving products,Estimated customer emissions reduction from ENERGY STAR and other energy-saving products,estimated customer-use reduction reported for FY2023/FY2024 metrics,2023 | 2024,,,missing_project_cost_or_investment_evidence,"Estimated customer GHG emissions reduction from energy-saving products, including ENERGY STAR products; snippet states 2.5 million MT CO2e in 2023 for ENERGY STAR.",95,2024_ESG_Report_The_Home_Depot.pdf,The Home Depot 2024 ESG Report,"Estimated reduction of customers? GHG emissions through the purchase and proper use of energy-saving products (MT CO2e) (includes ENERGY STAR, 2.5 million MT in 2023)."
valid_project_evidence,,page_level_project_or_measure_evidence,energy_efficiency,Advanced clean power and energy efficiency,r098_eni,ENI,埃尼石油公司,98,D,"Electricity, Heat, Gas and Water Production and Supply",upstream_energy_saving_projects,Upstream energy-saving projects,"Energy saving projects, mainly upstream projects",Primary energy savings compared to baseline consumption,implemented and quantified in 2024 reporting,2024,,,missing_project_cost_or_investment_evidence,Energy-saving projects delivered over 308 ktoe/year primary energy savings and approximately 778 thousand tonnes CO2eq emission reduction.,166,ENI-Annual-Report-2024.pdf,Eni Annual Report 2024,"primary energy savings compared to baseline consumption of over 308 ktoe/year deriving mainly from upstream projects (over 82%), with a benefit in terms of emission reduction of approximately 778 thousand tonnes of CO2eq."
valid_project_evidence,,page_level_project_or_measure_evidence,energy_efficiency,Advanced clean power and energy efficiency,r246_ciscosystems,CISCO SYSTEMS,思科公司,246,C,Manufacturing,facility_energy_efficiency_investment_bundle,Facility energy-efficiency investment bundle,Cisco US$39 million decarbonization investment bundle,Investing in energy-efficiency projects as part of a bundled Scope 1 and 2 reduction plan,planned investment from fiscal 2023 onward,2023,"Approximately US$39 million is disclosed for the combined renewable energy, energy efficiency, and building and fleet electrification project bundle; the snippet does not allocate cost by technology.",,accepted_project_cost_or_investment_evidence,Report snippet states the investment is intended to reduce Scope 1 and 2 emissions and support near-term target progress; quantified CO2e abatement is not disclosed in this snippet.,31,CISCO SYSTEMS purpose-report-2024.pdf,Cisco Purpose Report 2024,"To reduce Scope 1 and 2 emissions and make progress on our near-term target, we plan to invest approximately US$39 million in renewable energy, energy efficiency, and building and fleet electrification projects from fiscal 2023 onward."
valid_project_evidence,,page_level_project_or_measure_evidence,energy_efficiency,Advanced clean power and energy efficiency,r261_intel,INTEL,英特尔公司,261,C,Manufacturing,green_bond_efficiency_projects,Green bond-funded efficiency and abatement projects,Intel Green Bond project allocation,"Allocating green bond proceeds to HVAC upgrades, heat recovery, greenhouse gas abatement systems and water reclaim facility upgrades",projects funded and reported in 2024 Green Bond Report,2022 | 2024,"Cumulative USD 639 million allocation, about 51% of a USD 1.25 billion green bond issued in 2022.",,accepted_project_cost_or_investment_evidence,"Project areas include energy efficiency, renewable electricity and greenhouse gas abatement systems; quantified CO2e abatement is not disclosed in this snippet.",6,INTEL CSR-2024-25-Full-Report.pdf,Intel Corporate Responsibility Report 2024-25,"Intel states that in its second Annual Green Bond Report, published in 2024, it outlined the allocation of a cumulative USD 639 million, approximately 51% of a USD 1.25 billion green bond issued in 2022. Eligible project areas include pollution prevention and control, water stewardship, energy efficiency, renewable electricity, circular economy and waste management, and green buildings. Recent projects included HVAC upgrades and heat recovery projects, purchases of greenhouse gas abatement systems, and upgrades of water reclaim facilities in Arizona and Oregon."
valid_project_evidence,,page_level_project_or_measure_evidence,energy_efficiency,Advanced clean power and energy efficiency,r261_intel,INTEL,英特尔公司,261,C,Manufacturing,green_bond_efficiency_and_abatement_projects,Green-bond funded efficiency and GHG abatement projects,Intel Green Bond eligible green projects,"Allocating green bond proceeds to HVAC upgrades, heat recovery projects, GHG abatement systems, renewable electricity, and green buildings",green bond allocation reported in 2024,2022 | 2024,"Report discloses cumulative allocation of USD 639 million, approximately 51% of a USD 1.25 billion green bond issued in 2022.",,accepted_project_cost_or_investment_evidence,"Report identifies energy efficiency, renewable electricity, green buildings, HVAC upgrades, heat recovery, and greenhouse gas abatement systems as eligible or recent projects; quantified project CO2e abatement is not disclosed in this snippet.",6,INTEL CSR-2024-25-Full-Report.pdf,Intel Corporate Responsibility Report 2024-25,"Intel reports USD 639 million for green projects in its second Annual Green Bond Report, published in 2024, representing approximately 51% of a USD 1.25 billion green bond issued in 2022. Eligible project areas include pollution prevention and control, water stewardship, energy efficiency, renewable electricity, circular economy and waste management, and green buildings. Recent projects included HVAC upgrades and heat recovery projects, purchases of greenhouse gas abatement systems, and upgrades of water reclaim facilities in Arizona and Oregon."
valid_project_evidence,,page_level_project_or_measure_evidence,energy_efficiency,Advanced clean power and energy efficiency,r426_qualcomm,QUALCOMM,高通,426,C,Manufacturing,global_facility_energy_efficiency_investments,Global facility energy-efficiency investments,Qualcomm global facilities energy-efficiency investments,Cumulative investments in energy efficiency for global facilities,cumulative investments disclosed in 2024 corporate responsibility reporting,2024,,Report snippet identifies cumulative investments but does not disclose quantified investment cost.,cost_not_disclosed_or_unquantified_review_note,Report snippet states annual avoided CO2e emissions from cumulative energy-efficiency investments for global facilities; the visible snippet does not include the numeric avoided-emissions value.,50,2024-qualcomm-corporate-responsibility-report.pdf,Qualcomm Corporate Responsibility Report 2024,Annual avoided emissions of CO2e due to cumulative investments made for energy efficiency for global facilities.
valid_project_evidence,,page_level_project_or_measure_evidence,energy_efficiency,Advanced clean power and energy efficiency,r478_siemensenergy,SIEMENS ENERGY,西门子能源,478,D,"Electricity, Heat, Gas and Water Production and Supply",industrial_electrification,Process and building electrification,Siemens Energy process and building electrification program,Increasing electrification in processes and buildings while reducing energy consumption,in progress toward 2030 climate-neutral operations target,2023 | 2030,,,missing_project_cost_or_investment_evidence,Report identifies energy consumption reduction and electrification in processes and buildings as operational decarbonization levers; quantified abatement is not disclosed in this snippet.,7,SIEMENS ENERGY-sustainability-report-2024-pdf_Original%20file.pdf,Siemens Energy Sustainability Report 2024,"Siemens Energy states that its goal is to be climate neutral within operations by 2030. One lever is using renewable electricity in all facilities around the globe, a target the company says it reached in fiscal year 2023. The same passage also notes reducing energy consumption, increasing electrification in processes and buildings, and transforming the entire car fleet to 100% electric vehicles."
valid_project_evidence,,page_level_project_or_measure_evidence,hydrogen_methanol,"Hydrogen, methanol, and ammonia",r001_walmart,WALMART,沃尔玛,1,F,Wholesale and Retail Trade,fuel_cell,Hydrogen fuel cell vehicles and forklifts,Operationalizing New Technologies,"Piloting heavy-duty battery EVs and hydrogen fuel cell vehicles, including liquid hydrogen-operated forklifts",piloting and transition,2024,,,missing_project_cost_or_investment_evidence,,31,FY2025-Walmart-ESG-Report.pdf,Walmart ESG Report FY2025,"Operationalizing New Technologies: We are piloting innovative technologies, including heavy-duty battery EVs and hydrogen fuel cell vehicles, including transitioning to liquid hydrogen-operated forklifts and opening the first industrial-scale renewable hydrogen plant in Latin America which aims to power our hydrogen-powered forklifts in Chile."
valid_project_evidence,,page_level_project_or_measure_evidence,hydrogen_methanol,"Hydrogen, methanol, and ammonia",r208_sumitomomitsuifinancialgroup,SUMITOMO MITSUI FINANCIAL GROUP,日本三井住友金融集团,208,J,Finance,hydrogen_fund,Hydrogen fund equity investment,Japan Hydrogen Fund equity participation,Providing equity through the Japan Hydrogen Fund as part of transition finance case studies,equity participation disclosed,2025,,Equity participation disclosed; amount is not quantified in this snippet.,cost_not_disclosed_or_unquantified_review_note,Hydrogen abatement is not quantified in this snippet.,27,SUMITOMO MITSUI FINANCIAL GROUP sustainability_report_e_2025.pdf,Sumitomo Mitsui Financial Group Sustainability Report 2025,"The Transition Finance Playbook case study states that SMFG is also providing equity through the Japan Hydrogen Fund, alongside the CCS infrastructure finance and the green loan supporting a SAF production project."
valid_project_evidence,,page_level_project_or_measure_evidence,low_carbon_fuels,Low-carbon fuels,r002_amazoncom,AMAZON.COM,亚马逊,2,F,Wholesale and Retail Trade,saf,Sustainable aviation fuel,Scaling lower-carbon fuels,Procured blended sustainable aviation fuel,procured,2024,,,missing_project_cost_or_investment_evidence,,9,2024-amazon-sustainability-report.pdf,Amazon Sustainability Report 2024,"Scaling lower-carbon fuels. In 2024, Amazon procured 3.7 million gallons of blended sustainable aviation fuel (SAF)."
valid_project_evidence,,page_level_project_or_measure_evidence,low_carbon_fuels,Low-carbon fuels,r052_phillips66公司,Phillips 66,Phillips 66,52,D,"Electricity, Heat, Gas and Water Production and Supply",renewable_diesel,Renewable diesel and sustainable aviation fuel production,Rodeo Renewable Energy Complex conversion,Conversion of the San Francisco Refinery in Rodeo into renewable fuels production,completed conversion and full processing capacity achieved,2024,,,missing_project_cost_or_investment_evidence,Report states the complex produces renewable fuels including renewable diesel and SAF with lower life-cycle GHG emissions than conventional fuels.,12,Phillips_66_Sustainability_and_People_Report_2025.pdf,Phillips 66 Sustainability and People Report 2025,"Expanding Renewable Fuels Production: Phillips 66 states that in 2024 it completed the conversion of its San Francisco Refinery in Rodeo, California, into the Rodeo Renewable Energy Complex. The Rodeo Complex achieved its full processing capacity of 50,000 barrels per day, or 800 million gallons per year, of renewable feedstocks and began producing sustainable aviation fuel."
valid_project_evidence,,page_level_project_or_measure_evidence,low_carbon_fuels,Low-carbon fuels,r107_itochu,ITOCHU,日本伊藤忠商事株式会社,107,L,Leasing and Business Services,saf_certificate,SAF certificate and SAF flight initiative,SAF Flight Initiative / Certificate of CO2 Reduction Effect by SAF,Purchased certificate of CO2 reduction effect by SAF through All Nippon Airways SAF Flight Initiative,certificate applied in FYE 2024,2024,,,missing_project_cost_or_investment_evidence,SAF certificate applied in FYE 2024 with a GHG reduction effect of 50 t-CO2e.,110,ITOCHU-ESG report 2024.pdf,ITOCHU ESG Report 2024,"In FYE 2024, the GHG reduction effect of 50 t-CO2e was included applying ?Certificate of CO2 Reduction Effect by SAF? which we purchased through ?SAF Flight Initiative? offered by All Nippon Airways Co., Ltd."
valid_project_evidence,,page_level_project_or_measure_evidence,low_carbon_fuels,Low-carbon fuels,r208_sumitomomitsuifinancialgroup,SUMITOMO MITSUI FINANCIAL GROUP,日本三井住友金融集团,208,J,Finance,saf,Sustainable aviation fuel project finance,Green loan to Twelve SAF production project,"Providing a USD 20 million green loan to Twelve, a company that converts CO2 into chemical products, supporting a SAF production project",green loan provided,2025,USD 20 million green loan.,,accepted_project_cost_or_investment_evidence,Report snippet states SAF has a 90% reduction in CO2 emissions; boundary and baseline require project-level follow-up.,27,SUMITOMO MITSUI FINANCIAL GROUP sustainability_report_e_2025.pdf,Sumitomo Mitsui Financial Group Sustainability Report 2025,"The Transition Finance Playbook case study states that SMFG is providing a green loan of USD 20 million to Twelve, a company with technology that converts CO2 into chemical products, supporting a SAF production project. The same snippet states SAF has a 90% reduction in CO2 emissions."
valid_project_evidence,,page_level_project_or_measure_evidence,low_carbon_fuels,Low-carbon fuels,r208_sumitomomitsuifinancialgroup,SUMITOMO MITSUI FINANCIAL GROUP,日本三井住友金融集团,208,J,Finance,saf_green_loan,Sustainable aviation fuel green loan,Green loan to Twelve for SAF production,"Providing a green loan to Twelve, a company converting CO2 into chemical products, to support a SAF production project",green loan disclosed as case-study finance,2025,Report discloses a green loan of USD 20 million to Twelve.,,accepted_project_cost_or_investment_evidence,Report states SAF has 90% CO2 emissions reduction in the case-study snippet.,27,SUMITOMO MITSUI FINANCIAL GROUP sustainability_report_e_2025.pdf,Sumitomo Mitsui Financial Group Sustainability Report 2025,"SMFG reports project finance for CCS infrastructure in the UK and a green loan for a new technology venture in the US. The page states SMFG provided a green loan of USD 20 million to Twelve, a company with technology that converts CO2 into chemical products, supporting a SAF production project. The same case-study snippet states SAF has 90% reduction in CO2 emissions."
valid_project_evidence,,page_level_project_or_measure_evidence,low_carbon_fuels,Low-carbon fuels,r237_deltaairlines,DELTA AIR LINES,达美航空,237,G,"Transport, Storage and Post",saf,Sustainable aviation fuel procurement,Cleaner Fuel SAF scale-up,"SAF deliveries, long-term offtake agreements, Minnesota SAF Hub collaboration, and MSP blending facility launch","procured, delivered, and partnership scale-up",2024 | 2025,,,missing_project_cost_or_investment_evidence,"Report states 13M+ gallons of SAF uplifted in 2024 and 119,781 metric tons CO2e avoided.",43,delta-difference-2024-report.pdf,Delta Difference 2024 Report,"Cleaner Fuel: Delta signed millions of gallons in long-term offtake agreements with existing and emerging SAF producers. In 2024, Delta more than tripled SAF deliveries compared to 2023, for a total of over 13 million gallons. Delta also collaborated through the Minnesota SAF Hub to produce the first-ever batch of Minnesota crop-based SAF and announced the launching of a SAF blending facility to serve MSP airport. The page states 13M+ gallons of SAF uplifted in 2024 and 119,781 metric tons CO2e avoided."
valid_project_evidence,,page_level_project_or_measure_evidence,low_carbon_fuels,Low-carbon fuels,r264_riotintogroup,RIO TINTO GROUP,力拓集团,264,B,Mining,sustainable_biofuel_supply_chains,Sustainable biofuel supply chains,Rio Tinto sustainable biofuel supply-chain investment lever,Investing in sustainable biofuel supply chains as part of own-operations decarbonization,strategic investment lever disclosed in 2024 annual reporting,2030 | 2050,,Report snippet uses investment wording but does not disclose quantified biofuel supply-chain cost.,cost_not_disclosed_or_unquantified_review_note,Report snippet presents the measure alongside own-operations targets of 50% reduction by 2030 and net zero by 2050; project-specific CO2e abatement is not disclosed in this snippet.,44,2024-RIO TINTO GROUP-annual-report.pdf,Rio Tinto Group Annual Report 2024,"Increase renewable power to >90%. Develop low-carbon technologies for minerals and metals processing, refining and smelting. Invest in sustainable biofuel supply chains."
valid_project_evidence,,page_level_project_or_measure_evidence,low_carbon_materials,Low-carbon materials and process changes,r007_apple,APPLE,苹果公司,7,C,Manufacturing,recycled_materials,Recycled and renewable content,Design and materials roadmap,"Using recycled lithium, zinc, rare earth elements, and low-carbon materials in products",implemented in 2024 product design,2024,,,missing_project_cost_or_investment_evidence,Report attributes 6.2M avoided emissions to low-carbon materials in the Apple comprehensive carbon footprint graphic.,13,Apple_Environmental_Progress_Report_2025.pdf,Apple Environmental Progress Report 2025,"We design our products to be less carbon intensive by prioritizing the use of recycled and renewable content and low-carbon materials. Our progress: More than doubled the use of certified recycled lithium and zinc shipped in our products in 2024. iPhone 16 uses more than 95 percent recycled lithium in the battery, a first for Apple."
valid_project_evidence,,page_level_project_or_measure_evidence,low_carbon_materials,Low-carbon materials and process changes,r031_samsungelectronics,SAMSUNG ELECTRONICS,三星电子,31,C,Manufacturing,process_upgrade,Process gas treatment and process upgrade,DS Division process gas treatment expansion,Expanded RCS process gas treatment facilities and high-efficiency RCS catalyst development,expanded installation and roadmap execution,2023 | 2024 | 2030 | 2050,,,missing_project_cost_or_investment_evidence,Report places process gas treatment expansion in the DS Division GHG Emission Reduction Roadmap and states the roadmap aims to achieve net zero Scope 1 and 2 emissions for the DS Division.,20,SAMSUNG ELECTRONICS_Sustainability_report_2024_en.pdf,Samsung Electronics Sustainability Report 2024,"GHG Emission Reduction Roadmap: operate bimonthly Net Zero Committee and Carbon Reduction Committee to establish and execute DS Division GHG reduction action items; expand process gas treatment facility (RCS) installation; reduce LNG boiler usage through expansion of waste heat recovery; develop/apply high efficiency RCS catalyst; expand the utilization of waste heat recovery system; develop innovative technologies for improving process gas treatment efficiency; improve energy efficiency of FAB facilities through cooperation with facility companies; achieve net zero Scope 1, 2 emissions for DS Division."
valid_project_evidence,,page_level_project_or_measure_evidence,low_carbon_materials,Low-carbon materials and process changes,r368_lyondellbasellindustries,LYONDELLBASELL INDUSTRIES,利安德巴塞尔工业公司,368,C,Manufacturing,decarbonization_demand_acceleration,Demand acceleration for zero and low-carbon materials,WBCSD Center for Decarbonization Demand Acceleration founding-member initiative,Collaborating through a strategic two-year initiative to turn market demand indicators into actions accelerating commercial adoption of zero and low-carbon materials,founding-member initiative launched in 2024 with two-year horizon,2024 | 2026,,Report does not disclose quantified cost or investment for this initiative in the snippet.,cost_not_disclosed_or_unquantified_review_note,Report states the initiative is intended to accelerate commercial adoption of zero and low-carbon materials and align standards and certification schemes; quantified CO2e abatement is not disclosed in this snippet.,114,2024-LYONDELLBASELL INDUSTRIES-sustainability-report.pdf,LyondellBasell Sustainability Report 2024,"LyondellBasell reports that in 2024 it became a founding member of WBCSD's Center for Decarbonization Demand Acceleration, launched during New York Climate Week. The report describes the CDDA as a strategic two-year initiative dedicated to turning market demand indicators into tangible actions that accelerate the commercial adoption of zero and low-carbon materials across industries, in collaboration with industry peers, value-chain partners, and organizations such as the Center for Green Market Activation and the Sustainable Procurement Pledge."
valid_project_evidence,,page_level_project_or_measure_evidence,low_carbon_materials,Low-carbon materials and process changes,r387_schneiderelectric,SCHNEIDER ELECTRIC,施耐德电气,387,C,Manufacturing,low_carbon_concrete,CO2-injected low-carbon concrete,CarbonCure low-carbon concrete technology,"Deploying CarbonCure technology to inject CO2 into concrete, creating low-carbon concrete and permanent CO2 storage",technology deployed globally,2024,,,missing_project_cost_or_investment_evidence,Report states the technology creates low-carbon concrete and achieves permanent CO2 storage; quantified abatement is not disclosed in this snippet.,45,2024-SCHNEIDER ELECTRIC-sustainability-report_tcm564-513141.pdf,Schneider Electric Sustainability Report 2024,"Schneider Electric reports that CarbonCure's technology, deployed globally, injects CO2 into concrete to create low-carbon concrete, achieving permanent CO2 storage and demonstrating scalability as a climate solution. The same page also references the Mekong River Delta Water Purifier project and future AVEVA portfolio projects."
valid_project_evidence,,page_level_project_or_measure_evidence,low_carbon_materials,Low-carbon materials and process changes,r391_西班牙acs集团,ACS Group,西班牙ACS,391,E,Construction,low_carbon_procurement_materials,Low-carbon procurement materials,ACS low-carbon procurement lever,"Strengthening sustainable procurement with subcontractors, recycled and low-carbon materials, materials of biological origin, and low-carbon embedded equipment and vehicles",decarbonization lever disclosed for Scope 3 reduction planning,2024,,Report does not disclose quantified procurement cost in this snippet.,cost_not_disclosed_or_unquantified_review_note,Report maps low-carbon procurement measures to GHG Protocol Scope 3 subcategories 3.1 and 3.2; quantified CO2e abatement is not disclosed in this snippet.,75,ACS Group Integrated Report 2024.pdf,ACS Group Integrated Report 2024,"ACS lists low-carbon procurement as a decarbonization lever. Measures include strengthening sustainable procurement practices with subcontractors, recycled and low-carbon materials, materials of biological origin, and low-carbon embedded equipment and vehicles. The table maps these measures to Scope 3 subcategories according to the GHG Protocol, including 3.1 and 3.2."
valid_project_evidence,,page_level_project_or_measure_evidence,renewable_power,Renewable power and green electricity procurement,r001_walmart,WALMART,沃尔玛,1,F,Wholesale and Retail Trade,onsite_solar_wind,"Onsite solar, wind, and storage",Building Onsite Energy Generation,"Investing in onsite solutions such as solar panels, wind turbines, and energy storage systems",investing,2024 | 2030,,Report states many onsite solutions include cost advantages; no quantified cost is disclosed in this snippet.,cost_not_disclosed_or_unquantified_review_note,,29,FY2025-Walmart-ESG-Report.pdf,Walmart ESG Report FY2025,"Building Onsite Energy Generation: We are investing in onsite solutions such as solar panels, wind turbines, and energy storage systems to reduce dependency on external power sources. Many of these solutions include cost advantages as well. Between 2024 and the end of 2030, we aim to enable up to 10 gigawatts (GW) of new clean energy projects."
valid_project_evidence,,page_level_project_or_measure_evidence,renewable_power,Renewable power and green electricity procurement,r002_amazoncom,AMAZON.COM,亚马逊,2,F,Wholesale and Retail Trade,ppa_vppa,Renewable energy projects,Global renewable energy project portfolio,"Renewable energy projects globally, including new projects in 2024",operational and expanded,2024,,,missing_project_cost_or_investment_evidence,,9,2024-amazon-sustainability-report.pdf,Amazon Sustainability Report 2024,"621 Total renewable energy projects globally, including 124 new projects, representing 34 GW of capacity."
valid_project_evidence,,page_level_project_or_measure_evidence,renewable_power,Renewable power and green electricity procurement,r007_apple,APPLE,苹果公司,7,C,Manufacturing,ppa_vppa,Supplier clean energy,Supplier Clean Energy Program,Transitioning the energy used to manufacture Apple products to renewable energy,program launched and continuing,2015 | 2024 | 2030,,,missing_project_cost_or_investment_evidence,Report shows 21.8 million metric tons avoided from supplier clean energy in Apple's comprehensive carbon footprint graphic.,12,Apple_Environmental_Progress_Report_2025.pdf,Apple Environmental Progress Report 2025,"Apple's comprehensive carbon footprint shows avoided emissions including 21.8M avoided Supplier clean energy, alongside supplier energy efficiency, direct emissions abatement, low-carbon materials, and use of renewable electricity."
valid_project_evidence,,page_level_project_or_measure_evidence,renewable_power,Renewable power and green electricity procurement,r023_totalenergies,TOTALENERGIES,道达尔能源公司,23,B,Mining,onsite_solar_wind,Solar power plants with co-located battery storage,Danish Fields and Cottonwood solar power plants,Commissioned solar power plants with co-located battery storage in southeast Texas,commissioned,2024,,,missing_project_cost_or_investment_evidence,,24,totalenergies_sustainability-climate-2025-progress-report_2025_en.pdf,TotalEnergies Sustainability & Climate 2025 Progress Report,"In 2024, TotalEnergies commissioned Danish Fields (720 MW) and Cottonwood (455 MW), two solar power plants with co-located battery storage in southeast Texas. These new projects are part of a portfolio of more than 8 GW of renewable assets in operation in the country."
valid_project_evidence,,page_level_project_or_measure_evidence,renewable_power,Renewable power and green electricity procurement,r031_samsungelectronics,SAMSUNG ELECTRONICS,三星电子,31,C,Manufacturing,ppa_vppa,Solar PPA and onsite solar,Korea DS Division solar PPA,PPA with SK E&S and Samsung C&T for renewable energy from a 60 MW solar power plant,signed; renewable supply starting in 2025,2023 | 2024 | 2025,,,missing_project_cost_or_investment_evidence,,21,SAMSUNG ELECTRONICS_Sustainability_report_2024_en.pdf,Samsung Electronics Sustainability Report 2024,"The DS Division signed a PPA with SK E&S in Nov. 2023 and with Samsung C&T in Mar. 2024 to supply approximately 76.2 GWh of renewable energy annually from a 60 MW solar power plant for 20 years for a total of 1,466 GWh of renewable energy, starting in 2025. So far, Samsung has installed a total of 2.8 MW of solar power generation facilities and generated 2.8 GWh of energy in 2023 for on-site use."
valid_project_evidence,,page_level_project_or_measure_evidence,renewable_power,Renewable power and green electricity procurement,r033_cignagroup,CIGNA GROUP,信诺集团,33,J,Finance,renewable_electricity_procurement,Renewable electricity procurement and EACs,Renewable electricity sourcing and EAC procurement,"Sourcing renewable electricity, purchasing Energy Attribute Certificates, and exploring long-term renewable procurement agreements including PPAs and onsite renewables",procurement active; long-term agreements under exploration,2022 | 2024 | 2030,,Report states strategic investments in building improvements; no quantified renewable-procurement cost is disclosed in this snippet.,cost_not_disclosed_or_unquantified_review_note,Report states Cigna sourced approximately 52% of global power needs from renewable electricity by the end of 2024 and targets 100% renewable electricity by 2030.,50,2024-corporate-impact-report-CIGNA GROUP.pdf,Cigna Group Corporate Impact Report 2024,"Cigna reports that it is sourcing renewables and purchasing Energy Attribute Certificates (EACs), committed to sourcing 100% renewable electricity by 2030, joined the global RE100 pledge in 2022, and by the end of 2024 sourced approximately 52% of its global power needs from renewable electricity. The report also states it continues to explore long-term renewable energy procurement agreements, including power purchase agreements and onsite renewables where plausible."
valid_project_evidence,,page_level_project_or_measure_evidence,renewable_power,Renewable power and green electricity procurement,r052_phillips66公司,Phillips 66,Phillips 66,52,D,"Electricity, Heat, Gas and Water Production and Supply",onsite_solar_wind,Solar facility supplying renewable power to refinery operations,Rodeo Renewable Energy Complex solar facility,30.2-megawatt solar facility with NextEra Energy Resources subsidiary to power the Rodeo Complex,fully operational,2025,,Report states renewable power solutions reduce operating costs; no quantified cost is disclosed in this snippet.,cost_not_disclosed_or_unquantified_review_note,"Facility is expected to avoid approximately 33,000 metric tons of carbon dioxide emissions a year and reduce the complex's grid power demand by 50%.",14,Phillips_66_Sustainability_and_People_Report_2025.pdf,Phillips 66 Sustainability and People Report 2025,"Increasing Renewable Power: Phillips 66 states that it teamed up with a subsidiary of NextEra Energy Resources LLC to power its Rodeo Complex with a 30.2-megawatt solar facility. The facility is designed to generate approximately 60,000 MWh/year of electricity, reduce the complex's grid power demand by 50%, and is expected to avoid approximately 33,000 metric tons of carbon dioxide emissions a year. The facility became fully operational in 2025."
valid_project_evidence,,page_level_project_or_measure_evidence,renewable_power,Renewable power and green electricity procurement,r082_allianz,ALLIANZ,安联保险集团,82,J,Finance,operations_renewable_energy_and_efficiency,Own-operations renewable energy and efficiency,Allianz own-operations renewable energy and energy-management measures,"Reducing operational footprint through renewable energy, energy efficiency, decarbonized mobility, sustainable IT, lower energy consumption, and renewable-energy targets",2024 progress toward 2030 intermediate targets,2019 | 2024 | 2030,,Report does not disclose quantified renewable-energy or energy-efficiency cost in this snippet.,cost_not_disclosed_or_unquantified_review_note,Report states Allianz reduced own-operations GHG emissions per employee by 62% versus the 2019 baseline through lowering energy consumption and meeting renewable-energy targets; quantified project-specific CO2e abatement is not disclosed in this snippet.,74,en-allianz-group-annual-report-2024.pdf,Allianz Group Annual Report 2024,Allianz reports key decarbonization actions including improving energy management across operations and scaling support of renewable energy and low-carbon technologies. The report states that carbon intensity reduction in its proprietary real-estate equity and debt portfolio resulted from increased renewable energy utilization and energy-efficiency improvements. It also states that in own operations Allianz reduced GHG emissions per employee by 62% versus the 2019 baseline through lowering energy consumption and meeting renewable-energy targets.
valid_project_evidence,,page_level_project_or_measure_evidence,renewable_power,Renewable power and green electricity procurement,r098_eni,ENI,埃尼石油公司,98,D,"Electricity, Heat, Gas and Water Production and Supply",onsite_solar_wind,Photovoltaic capacity acquisition and offshore wind partnership,Plenitude EDPR photovoltaic acquisition and BlueFloat Energy-Sener offshore wind partnership,Agreement to acquire 0.38 GW of photovoltaic capacity in the US and partnership for offshore wind farms in Spain,agreement and partnership announced,2024,,,missing_project_cost_or_investment_evidence,,18,eni-for-2024-just-transition.pdf,Eni for 2024 Just Transition,Main events: Plenitude signed an agreement with EDPR to acquire 0.38 GW of photovoltaic generation capacity in the US. Eni also reports entry into the BlueFloat Energy-Sener Renewable investments partnership for the development of offshore wind farms in Spain.
valid_project_evidence,,page_level_project_or_measure_evidence,renewable_power,Renewable power and green electricity procurement,r101_eon,E.ON,意昂集团,101,D,"Electricity, Heat, Gas and Water Production and Supply",solar_home_energy_emobility,"Solar, home energy management, and eMobility","Energy Retail solar, home energy management, and eMobility investment","Offering solar, home energy management, and eMobility solutions to decarbonize energy supply for customers, cities, and municipalities",2024 investment and business-line deployment,2024,"Report states that a large proportion of 2024 investments, totaling EUR 0.5 billion, went to the Energy Retail business division.",,accepted_project_cost_or_investment_evidence,"Report states the business division helps decarbonize energy supply for business customers, cities, and municipalities; quantified CO2e abatement is not disclosed in this snippet.",29,E.ON-GB24-gesamt-EN_final.pdf,E.ON Integrated Annual Report 2024,"E.ON reports that the Energy Retail business division helps decarbonize the energy supply of business customers, cities, and municipalities, with offerings including solar, home energy management, and eMobility. The report states that digitalization is founded on technological standards and a cloud strategy, and that a large proportion of investments in 2024, which totaled EUR 0.5 billion, went to this business division."
valid_project_evidence,,page_level_project_or_measure_evidence,renewable_power,Renewable power and green electricity procurement,r114_royalaholddelhaize,ROYAL AHOLD DELHAIZE,皇家阿霍德德尔海兹集团,114,F,Wholesale and Retail Trade,ppa_vppa,Virtual power purchase agreement for solar power plants,Ahold Delhaize virtual power purchase agreement for five solar power plants,Signed a virtual power purchase agreement supporting financing and construction of five solar power plants,signed,2024,,,missing_project_cost_or_investment_evidence,Report states the VPPA corresponds to approximately 30% of total electricity usage in its European brands.,11,2024_ahold_delhaize_annual_report.pdf,Ahold Delhaize Annual Report 2024,Green power: Ahold Delhaize signed a virtual power purchase agreement to support the financing and construction of five solar power plants. The report states this corresponds to approximately 30% of the total electricity usage in its European brands.
valid_project_evidence,,page_level_project_or_measure_evidence,renewable_power,Renewable power and green electricity procurement,r117_adm公司,ADM,ADM,117,C,Manufacturing,onsite_solar_wind,Wind turbine project,Brazil wind turbine project,Construction of a wind turbine project in Brazil as part of Scope 1 and 2 footprint reduction projects,constructed / project delivered by 2023 disclosure,2023,,,missing_project_cost_or_investment_evidence,Report states ADM delivered a 14.7% reduction in its Scope 1 and 2 footprint in 2023 from projects including transition from coal to natural gas and construction of a wind turbine project in Brazil.,3,final_archer-daniels-midland-adm_2023-corporate-sustainability-report.pdf,ADM 2023 Corporate Sustainability Report,ADM states that in 2023 it delivered a 14.7% reduction in its Scope 1 and 2 footprint from projects like transitioning facilities from coal to natural gas and construction of a wind turbine project in Brazil.
valid_project_evidence,,page_level_project_or_measure_evidence,renewable_power,Renewable power and green electricity procurement,r119_christiandior,CHRISTIAN DIOR,迪奥公司,119,C,Manufacturing,renewable_low_carbon_energy_mix_target,Renewable and low-carbon energy mix target,LIFE 360 renewable and low-carbon energy transition,"Maximizing renewable energy use and targeting exclusive use of renewable or low-carbon energy by production, logistics, administrative, and store sites",2024 progress against 2026 LIFE 360 target,2019 | 2024 | 2026 | 2030,,Report does not disclose quantified renewable-energy procurement cost in this snippet.,cost_not_disclosed_or_unquantified_review_note,"Report states Scope 1 and 2 GHG emissions were reduced 55.1% versus 2019 and renewable energy reached 71% of the Group energy mix in 2024, with a 100% target for 2026.",91,CHRISTIAN DIOR annual-report-as-of-december-31-2024.pdf,Christian Dior Annual Report 2024,"Christian Dior reports LIFE 360 climate results for 2024. The table states Scope 1 and 2 GHG emissions were reduced 55.1% versus the 2019 baseline, Scope 3 emissions per unit of added value were reduced 32.8%, and the proportion of renewable energy in the Group's energy mix reached 71% in 2024, compared with 63% in 2023, against a 100% target for 2026. The accompanying text describes maximizing renewable energy and targeting exclusive use of renewable or low-carbon energy by production sites, logistics centers, administrative sites, and stores by 2026."
valid_project_evidence,,page_level_project_or_measure_evidence,renewable_power,Renewable power and green electricity procurement,r120_nippontelegraphandtelephone,NIPPON TELEGRAPH AND TELEPHONE,日本电报电话公司,120,I,"Information Transmission, Software and Information Technology Services",renewable_energy_infrastructure,Renewable energy infrastructure and GX solutions,Green Power Investment and NTT GX Inno,Bringing Green Power Investment Corporation into the Group and launching NTT GX Inno to leverage renewable energy infrastructure,acquisition and solution brand launched,2024,,M&A option and acquisition disclosed; transaction amount is not disclosed in this snippet.,cost_not_disclosed_or_unquantified_review_note,Report states the initiative strengthens solutions that contribute to customers' green transformations; quantified abatement is not disclosed in this snippet.,15,NIPPON TELEGRAPH AND TELEPHONE-integrated_report_24e_p.pdf,Nippon Telegraph and Telephone Integrated Report 2024,"NTT reports that outside the communications business, in the environment and energy field, it brought Green Power Investment Corporation into the Group and is expanding renewable energy sources. It also launched NTT GX Inno, a brand of solutions for green transformation, to leverage renewable energy infrastructure, technology and expertise to strengthen solutions that contribute to customers' green transformations."
valid_project_evidence,,page_level_project_or_measure_evidence,renewable_power,Renewable power and green electricity procurement,r168_torontodominionbank,TORONTO-DOMINION BANK,多伦多道明银行,168,J,Finance,sustainable_finance_renewable_energy,Renewable-energy sustainable finance category,TD Sustainable and Decarbonization Finance eligible renewable-energy category,"Classifying balance-sheet green, social, and sustainability bond purchases and other financing under renewable energy and clean transportation eligible categories",fiscal 2024 sustainable-finance reporting,2024,"Report discloses Environment total USD 11.9 billion, including Renewable Energy USD 2.5 billion and Clean Transportation USD 3.2 billion.",,accepted_project_cost_or_investment_evidence,Report classifies renewable energy and clean transportation as environmental eligible categories; quantified project CO2e abatement is not disclosed in this snippet.,18,2024-TORONTO-DOMINION BANK-sustainability-report-en.pdf,Toronto-Dominion Bank Sustainability Report 2024,"TD Bank reports eligible categories for green, social and sustainability bond purchases and other financing during fiscal 2024. The Environment total is USD 11.9 billion, including Renewable Energy USD 2.5 billion, Clean Transportation USD 3.2 billion, Environment Multi-Sector USD 3.5 billion, and Other Environment USD 2.7 billion."
valid_project_evidence,,page_level_project_or_measure_evidence,renewable_power,Renewable power and green electricity procurement,r208_sumitomomitsuifinancialgroup,SUMITOMO MITSUI FINANCIAL GROUP,日本三井住友金融集团,208,J,Finance,wind_power_transition_finance,Wind power and transmission transition finance,India wind power and power-supply infrastructure transition finance case,Supporting development of wind power facilities and transmission infrastructure in India through transition finance engagement,transition finance case study; deals executed,2025,,Report discloses 46 transition-finance deals executed; individual wind-project financing amount is not disclosed in this snippet.,cost_not_disclosed_or_unquantified_review_note,Report presents wind power and transmission support as renewable-energy expansion and transition finance; quantified project abatement is not disclosed in this snippet.,28,SUMITOMO MITSUI FINANCIAL GROUP sustainability_report_e_2025.pdf,Sumitomo Mitsui Financial Group Sustainability Report 2025,"SMFG's Transition Finance Playbook case studies state that criteria for transition-finance assets are set by region and include India: wind power and power supply infrastructure. The snippet states SMFG is supporting the development of wind power facilities and transmission infrastructure in India, with achievements including 46 deals executed and engagement with 130 companies."
valid_project_evidence,,page_level_project_or_measure_evidence,renewable_power,Renewable power and green electricity procurement,r236_pfizer,PFIZER,辉瑞制药有限公司,236,C,Manufacturing,ppa_vppa,Solar VPPAs,Spain and United States solar VPPAs,VPPAs covering solar projects expected to generate RECs for North America and EU purchased electricity,contracted; coming online in 2025,2025,,,missing_project_cost_or_investment_evidence,,31,Pfizer_2024_Impact_Report_02JUN2025.pdf,Pfizer 2024 Impact Report,"Pfizer invests in no- and low-carbon technologies at its sites and through VPPAs that enable sourcing of renewable energy. VPPAs covering solar projects in Spain and the United States, coming online in 2025, are expected to generate RECs to cover approximately 100% of Pfizer's purchased electricity needs in North America and the EU."
valid_project_evidence,,page_level_project_or_measure_evidence,renewable_power,Renewable power and green electricity procurement,r241_tdsynnex公司,TD Synnex,TD Synnex,241,F,Wholesale and Retail Trade,renewable_energy_procurement_and_efficiency_projects,Renewable energy procurement and efficiency projects,TD SYNNEX renewable energy procurement expansion,Expanding renewable energy procurement and energy efficiency projects across global operations,implemented initiatives contributing to FY2024 Scope 1 and 2 reduction,2022 | 2024 | 2045,,Report does not disclose quantified procurement cost or project capex in this snippet.,cost_not_disclosed_or_unquantified_review_note,"Report states Scope 1 and 2 GHG emissions were reduced by nearly 43% over the FY2022 base year, driven in part by renewable energy procurement and energy efficiency projects.",15,TD SYNNEX Corporation FY24 Corporate Citizenship Report.pdf,TD SYNNEX FY2024 Corporate Citizenship Report,"TD SYNNEX reports that it reduced Scope 1 and 2 GHG emissions by nearly 43% over its FY2022 base year. The report states this was achieved through a wide range of initiatives across global operations, including expansion of renewable energy procurement and energy efficiency projects, and that the company remains committed to a long-term target of net-zero GHG emissions by 2045."
valid_project_evidence,,page_level_project_or_measure_evidence,renewable_power,Renewable power and green electricity procurement,r246_ciscosystems,CISCO SYSTEMS,思科公司,246,C,Manufacturing,renewable_energy_investment_bundle,Renewable-energy investment bundle,Cisco US$39 million decarbonization investment bundle,Investing in renewable energy projects as part of a bundled Scope 1 and 2 reduction plan,planned investment from fiscal 2023 onward,2023,"Approximately US$39 million is disclosed for the combined renewable energy, energy efficiency, and building and fleet electrification project bundle; the snippet does not allocate cost by technology.",,accepted_project_cost_or_investment_evidence,Report snippet states the investment is intended to reduce Scope 1 and 2 emissions and support near-term target progress; quantified CO2e abatement is not disclosed in this snippet.,31,CISCO SYSTEMS purpose-report-2024.pdf,Cisco Purpose Report 2024,"To reduce Scope 1 and 2 emissions and make progress on our near-term target, we plan to invest approximately US$39 million in renewable energy, energy efficiency, and building and fleet electrification projects from fiscal 2023 onward."
valid_project_evidence,,page_level_project_or_measure_evidence,renewable_power,Renewable power and green electricity procurement,r247_repsol,REPSOL,雷普索尔公司,247,D,"Electricity, Heat, Gas and Water Production and Supply",installed_wind_solar_capacity,Installed wind and solar renewable generation capacity,Installed renewable generation capacity objective,Increasing installed wind and solar renewable generation capacity under the 2024 Annual Budget metric,2024 sustainability-linked management objective,2024,,Report ties the metric to the 2024 Annual Budget but does not disclose the specific budget amount in this snippet.,cost_not_disclosed_or_unquantified_review_note,Report uses installed renewable generation capacity as a decarbonization and sustainability metric; quantified CO2e abatement is not disclosed in this snippet.,11,REPSOL consolidated-statement-non-financial-information-sustainability-information-2024.pdf,Repsol Consolidated Statement of Non-Financial Information and Sustainability Information 2024,"Repsol reports objectives and metrics set out in the CEO's 2024 Annual Variable Remuneration in relation to sustainability. Under Decarbonization and sustainability, the installed renewable generation capacity metric is described as increasing the installed capacity of wind and solar generation in accordance with the provisions of the 2024 Annual Budget. Achievement is calculated against the budgeted increase in renewable generation capacity installed by Repsol in 2024."
valid_project_evidence,,page_level_project_or_measure_evidence,renewable_power,Renewable power and green electricity procurement,r261_intel,INTEL,英特尔公司,261,C,Manufacturing,green_bond_renewable_electricity_projects,Green-bond funded renewable electricity projects,Intel Green Bond renewable electricity eligible projects,"Allocating green bond proceeds to eligible renewable electricity projects alongside efficiency, water, circularity, and green-building projects",green bond allocation reported in 2024,2022 | 2024 | 2030,,"Report discloses cumulative allocation of USD 639 million, approximately 51% of a USD 1.25 billion green bond issued in 2022; the renewable-electricity share is not separately quantified in this snippet.",cost_not_disclosed_or_unquantified_review_note,Report identifies renewable electricity as an eligible green-bond project area and states Intel aims for 100% renewable electricity in operations by 2030; quantified project CO2e abatement is not disclosed in this snippet.,6,INTEL CSR-2024-25-Full-Report.pdf,Intel Corporate Responsibility Report 2024-25,"Intel reports USD 639 million for green projects in its second Annual Green Bond Report, published in 2024, representing approximately 51% of a USD 1.25 billion green bond issued in 2022. Eligible project areas include pollution prevention and control, water stewardship, energy efficiency, renewable electricity, circular economy and waste management, and green buildings. The report also states Intel aims to achieve 100% renewable electricity in its operations by 2030."
valid_project_evidence,,page_level_project_or_measure_evidence,renewable_power,Renewable power and green electricity procurement,r262_tjx公司,TJX,TJX,262,F,Wholesale and Retail Trade,facility_solar_and_renewable_energy,Facility solar panels and renewable energy sourcing,TJX facility solar and renewable-energy program,Installing LED lighting and solar panels in certain facilities and scaling renewable energy sourcing for operations,program implemented over multiple years with 2030 renewable-energy target,2017 | 2025 | 2030 | 2040,,Report does not disclose quantified cost or capex for the facility solar and renewable-energy measures in this snippet.,cost_not_disclosed_or_unquantified_review_note,Report links the measures to global goals to reduce Scope 1 and 2 GHG emissions by 55% by fiscal 2030 and source 100% renewable energy in operations; quantified project CO2e abatement is not disclosed in this snippet.,3,tjx-2025-global-corporate-responsibility-report.pdf,TJX 2025 Global Corporate Responsibility Report,"TJX reports that it has implemented many environmental programs over the years, including installing LED lighting and adding solar panels in certain facilities, as well as building asset recovery and recycling centers. The report states that its operational environmental initiatives are centered around global goals to reduce Scope 1 and 2 greenhouse gas emissions, scale up sourcing of renewable energy, and divert operational waste from landfill. It also states that by 2030 TJX intends to source 100% renewable energy in operations."
valid_project_evidence,,page_level_project_or_measure_evidence,renewable_power,Renewable power and green electricity procurement,r264_riotintogroup,RIO TINTO GROUP,力拓集团,264,B,Mining,onsite_solar_wind,Solar farm development,Ngarluma Country 80 MW solar farm,Development of an 80 MW solar farm near Karratha to supply renewable energy to Pilbara operations,progressing development; not yet complete,2024,,,missing_project_cost_or_investment_evidence,Report states the project has potential to reduce natural gas used for generation across Pilbara operations by up to 11% and could reduce emissions by up to 120 kt CO2e when complete.,27,2024-RIO TINTO GROUP-annual-report.pdf,Rio Tinto Annual Report 2024,"Together with the Ngarluma Aboriginal Corporation, Rio Tinto is progressing the development of an 80 MW solar farm on Ngarluma Country, near Karratha, to supply renewable energy to Pilbara operations. When complete, this project has the potential to reduce the amount of natural gas currently used for generation across Pilbara operations by up to 11%, and could reduce Rio Tinto's emissions by up to 120 kt CO2e."
valid_project_evidence,,page_level_project_or_measure_evidence,renewable_power,Renewable power and green electricity procurement,r264_riotintogroup,RIO TINTO GROUP,力拓集团,264,B,Mining,ppa_vppa,Wind VPPA and PPAs,"Monte Cristo, Overberg, and Khangela renewable electricity agreements",Executed wind VPPA and signed wind PPAs to abate Scope 2 emissions and support Richards Bay Minerals,executed and signed; construction and commissioning continue,2024 | 2025,,,missing_project_cost_or_investment_evidence,Monte Cristo VPPA is described as abating regional Scope 2 emissions; other abatement is tied to renewable electricity developments.,53,2024-RIO TINTO GROUP-annual-report.pdf,Rio Tinto Annual Report 2024,Other renewable electricity developments: commenced construction of solar PV at Gove (10 MW) and Amrun mine (12 MW); executed wind Virtual Power Purchase Agreement (VPPA) (78.5 MW) at Monte Cristo in the US to abate regional Scope 2 emissions; completed construction and commenced operating Diavik diamond mine solar plant (3 MW); commissioned a 5 MW solar plant and commenced construction of Kennecott solar Phase 2 (25 MW); signed a 230 MW wind PPA at Overberg for Richards Bay Minerals and a 140 MW wind PPA at Khangela.
valid_project_evidence,,page_level_project_or_measure_evidence,renewable_power,Renewable power and green electricity procurement,r345_raízen公司,Raízen,Raízen,345,D,"Electricity, Heat, Gas and Water Production and Supply",distributed_solar_generation_projects,Distributed solar generation projects,Raízen distributed solar generation projects,Investing in distributed solar generation projects as part of energy diversification while maintaining biomass-based electricity output,investment disclosed for crop year 2024/25,2024 | 2025,,Report states investments in distributed solar generation projects; quantified investment amount is not disclosed in this snippet.,cost_not_disclosed_or_unquantified_review_note,Report states biomass-based electricity output remained stable and distributed solar investments support energy diversification; quantified CO2e abatement is not disclosed in this snippet.,22,RAÍZEN-integrated-report-2024-25.pdf,Raízen Integrated Report Crop Year 2024/25,"Raízen reports that sugarcane waste makes mill operations energy self-sufficient and that biomass-based electricity output remained stable despite lower raw material availability. The report states that improvements in boiler efficiency and increased use of sugarcane trash helped mitigate part of the impact, and that Raízen also invested in distributed solar generation projects in line with its broader energy diversification strategy."
valid_project_evidence,,page_level_project_or_measure_evidence,renewable_power,Renewable power and green electricity procurement,r349_fomentoeconómicomexicano公司,Fomento Económico Mexicano,Fomento Económico Mexicano,349,C,Manufacturing,onsite_solar_wind,Solar panels at work centers,Proximity Mexico solar panels at work centers,"Installed 20,250 solar panels at work centers and sourced renewable energy in Proximity Mexico operations",installed and in operation,2024,,,missing_project_cost_or_investment_evidence,Report states around 65% of energy consumption in Proximity Mexico came from renewable sources; quantified emissions reduction is not disclosed in this snippet.,44,FEMSA_2024_Annual_Report.pdf,FEMSA 2024 Annual Report,"FEMSA reports that in Proximity Mexico around 65% of energy consumption came from renewable sources and that 20,250 solar panels were installed at work centers. The same page also reports more than 400 electric vehicles in operations."
valid_project_evidence,,page_level_project_or_measure_evidence,renewable_power,Renewable power and green electricity procurement,r353_woolworthsgroup,WOOLWORTHS GROUP,伍尔沃斯集团,353,F,Wholesale and Retail Trade,renewable_electricity_pathway,Renewable-electricity procurement pathway,Woolworths 100% renewable electricity pathway,Pathway to source 100% renewable electricity by 2025,pathway and progress disclosed in 2025 sustainability reporting,2025,,Report snippet does not disclose quantified renewable-electricity cost.,cost_not_disclosed_or_unquantified_review_note,"Report snippet states direct emissions had been reduced by 22.9% from the F23 baseline, but does not isolate the contribution of renewable electricity.",4,2025_WOOLWORTHS GROUP_Sustainability_Report_Interactive_SPREADS.pdf,Woolworths Group Sustainability Report 2025,"We are committed to aligning with a 1.5°C future, having reduced our direct emissions by 22.9% from our F23 baseline, with a pathway to 100% renewable electricity by 2025 and 75 electric vehicles in our fleet."
valid_project_evidence,,page_level_project_or_measure_evidence,renewable_power,Renewable power and green electricity procurement,r357_magnainternational,MAGNA INTERNATIONAL,麦格纳国际,357,C,Manufacturing,european_operations_renewable_electricity,European operations renewable electricity,Magna renewable electricity progress program,Building the foundation for the 2025 target of 100% renewable electricity in European operations and tracking renewable energy share,2024 progress toward 2025 European operations target,2019 | 2024 | 2025 | 2030,,Report does not disclose quantified renewable-electricity procurement cost in this snippet.,cost_not_disclosed_or_unquantified_review_note,Report states Magna continues to build toward a 2025 100% renewable electricity goal in European operations and reports 14.0% of energy consumed as renewable energy in 2024.,6,101227_magna_sustainabilityreport_fy2024_final_cda.pdf,Magna Sustainability Report FY2024,"Magna reports renewable-electricity progress as part of its decarbonization and energy targets. The report states that Magna continues to build a foundation to hit its 2025 target of 100% renewable electricity in European operations and its 2030 science-based targets. Its 2024 energy-management table reports 20,243,182 GJ of aggregate energy consumed and 14.0% of energy consumed as renewable energy."
valid_project_evidence,,page_level_project_or_measure_evidence,renewable_power,Renewable power and green electricity procurement,r379_日本kddi电信公司,KDDI,日本KDDI电信,379,I,"Information Transmission, Software and Information Technology Services",onsite_solar_wind,Perovskite solar cells for base stations,Perovskite solar cells on pole-type base stations,"Deployment and social implementation of thin, lightweight perovskite solar cells wrapped around pole-type base stations",deployment and social implementation,2024,,,missing_project_cost_or_investment_evidence,Report states the technology is intended to enable space-efficient power generation compared with traditional solar panels; quantified abatement is not disclosed in this snippet.,20,kddi_sir2024_e.pdf,KDDI Sustainability Integrated Report 2024,"KDDI reports that it is focusing on deployment and social implementation of perovskite solar cells, characterized as thin, lightweight, and flexible. The report states these cells can be wrapped around poles installed on pole-type base stations, allowing space-efficient and effective power generation compared to traditional solar panels."
valid_project_evidence,,page_level_project_or_measure_evidence,renewable_power,Renewable power and green electricity procurement,r391_西班牙acs集团,ACS Group,西班牙ACS,391,E,Construction,solar_parks_power_lines_battery_storage,"Solar parks, power lines, and battery storage projects",ACS sustainable energy project portfolio,"Providing sustainable energy projects including solar parks, power lines, and battery storage to support the electric transition",project portfolio disclosed as current business impact and opportunity,2024,,Report does not disclose quantified project capex in this snippet.,cost_not_disclosed_or_unquantified_review_note,"Report presents solar parks, power lines, battery storage, and sustainable mobility as projects that drive the electric transition toward a green future; quantified CO2e abatement is not disclosed in this snippet.",17,ACS Group Integrated Report 2024.pdf,ACS Group Integrated Report 2024,"ACS reports that its global influence on clients, suppliers, and subcontractors enables it to create sustainable incentives for increased use of green energy and efficient energy-management practices. The report states that by providing sustainable energy projects, including solar parks, power lines, battery storage, and sustainable mobility, ACS drives the electric transition toward a green future."
valid_project_evidence,,page_level_project_or_measure_evidence,renewable_power,Renewable power and green electricity procurement,r397_xiaomi,XIAOMI,小米集团,397,C,Manufacturing,supplier_renewable_energy_program,Supplier renewable-energy and carbon-reduction program,Xiaomi Supplier Carbon Reduction Program,"Requiring supplier partners to set science-based GHG targets, increase renewable-energy use, and disclose GHG emissions data",supplier engagement program active in 2023 reporting,2023 | 2030 | 2035 | 2040,,Report does not disclose quantified program cost in this snippet.,cost_not_disclosed_or_unquantified_review_note,"Report states Xiaomi worked with 251 direct purchasing suppliers of core products in 2023, supporting validation of GHG data and climate target setting; quantified supplier renewable-energy abatement is not disclosed in this snippet.",40,"Xiaomi 2023 Environmental, Social, and Governance Report.pdf","Xiaomi Environmental, Social, and Governance Report 2023","Xiaomi reports a Supplier Carbon Reduction Program under which supplier partners are required to set science-based GHG emission reduction targets. The program includes criteria for increased utilization of renewable energy and disclosure of GHG emissions data. In 2023, Xiaomi worked closely with 251 direct purchasing suppliers of core products, including component suppliers and manufacturing suppliers, and provided support for validation of GHG emissions data and climate target setting."
valid_project_evidence,,page_level_project_or_measure_evidence,renewable_power,Renewable power and green electricity procurement,r400_gsk,GSK,葛兰素史克集团,400,C,Manufacturing,renewable_certificates,Renewable electricity procurement and onsite generation,RE100 renewable electricity procurement and onsite generation program,Purchased renewable electricity and onsite renewably generated electricity as part of Scope 2 renewable electricity target,implemented and progressing,2024 | 2025 | 2030,,,missing_project_cost_or_investment_evidence,Report states 90% imported renewable electricity in 2024 and energy table reports 852 GWh purchased renewable electricity plus 22 GWh onsite renewably generated electricity.,24,GSK-responsible-business-performance-report-2024.pdf,GSK Responsible Business Performance Report 2024,"GSK reports renewable electricity performance in 2024, including purchased renewable electricity of 852 GWh and onsite renewably generated electricity of 22 GWh. The report also states that GSK reached 90% imported renewable electricity in 2024 and has targets for 100% imported renewable electricity by 2025 and 100% renewable electricity, imported and generated, by 2030."
valid_project_evidence,,page_level_project_or_measure_evidence,renewable_power,Renewable power and green electricity procurement,r401_suncorenergy,SUNCOR ENERGY,森科能源公司,401,D,"Electricity, Heat, Gas and Water Production and Supply",wind_electricity_generation,Wind electricity generation,Suncor wind electricity generation metric,Reporting wind electricity generation as part of renewable electricity and fuels production metrics,operational generation metric reported for 2023 sustainability reporting,2019 | 2020 | 2021 | 2022 | 2023,,Report does not disclose quantified wind-generation investment cost in this snippet.,cost_not_disclosed_or_unquantified_review_note,"Report discloses wind electricity generation of 100,850 MWh, 98,419 MWh, 96,952 MWh, 114,009 MWh, and 130,660 MWh across the reported time series; quantified CO2e abatement is not disclosed in this snippet.",72,2023_SUNCOR ENERGY_sustainability_report.pdf,Suncor Energy Report on Sustainability 2023,"Suncor reports energy production metrics including renewable fuels production, internally consumed and exported generated electricity, and wind electricity generation. The table lists wind electricity generation in MWh across the reported series: 100,850, 98,419, 96,952, 114,009, and 130,660 MWh. The same table reports renewable fuels blended and ethanol production metrics."
valid_project_evidence,,page_level_project_or_measure_evidence,renewable_power,Renewable power and green electricity procurement,r431_elo集团,ELO,ELO,431,F,Wholesale and Retail Trade,store_solar_panels,Store solar-panel installation,ELO store solar-panel installation measure,Reducing site carbon footprints through installation of solar panels in stores and related real-estate activity changes,adopted or planned changes to strategy and business model disclosed in 2024 report,2024,,Report does not disclose quantified solar-panel installation cost in this snippet.,cost_not_disclosed_or_unquantified_review_note,Report presents solar-panel installation in stores as a measure to reduce the carbon footprint of sites; quantified CO2e abatement is not disclosed in this snippet.,54,RFA_ELO_2024_EN-1.pdf,ELO Financial Report 2024,"ELO reports adopted or planned changes to strategy or business model in its real-estate activity, including reducing the carbon footprint of sites through installation of solar panels in stores. A related page repeats the measure for sites already open to the public and for new living spaces, alongside other local community actions."
valid_project_evidence,,page_level_project_or_measure_evidence,renewable_power,Renewable power and green electricity procurement,r440_philipmorrisinternational,PHILIP MORRIS INTERNATIONAL,菲利普－莫里斯国际公司,440,C,Manufacturing,manufacturing_site_zero_carbon_technology,Manufacturing-site renewable and zero-carbon technologies,Zero Carbon Technology initiatives at manufacturing facilities,"Installing heat pumps, e-boilers, hybrid boilers, biomass boilers, and solar panels at five manufacturing facilities",installed in 2024,2024,,Report describes the Zero Carbon Technology initiatives as climate investments; no quantified capex is disclosed in this snippet.,cost_not_disclosed_or_unquantified_review_note,Report states the initiatives foster renewable-energy transition and emissions reduction across PMI manufacturing sites; quantified CO2e abatement is not disclosed in this snippet.,62,PHILIP MORRIS INTERNATIONAL-integrated-report-2024.pdf,Philip Morris International Integrated Report 2024,"Philip Morris International reports that through its zero carbon technology initiatives it is fostering the transition to renewable energy and reducing emissions across manufacturing sites. In 2024, this commitment materialized through the installation of heat pumps, e-boilers, hybrid boilers, biomass boilers, and solar panels at five manufacturing facilities."
valid_project_evidence,,page_level_project_or_measure_evidence,renewable_power,Renewable power and green electricity procurement,r450_sap公司,SAP,SAP,450,C,Manufacturing,ppa_rec_self_generated_renewable_electricity,"PPAs, EACs, and self-generated renewable electricity",SAP renewable electricity procurement and generation measures,"Using self-generated renewable electricity, certified renewable energy certificates, long-term green electricity contracts, and power purchase agreements",market-based emissions accounting and net-zero measures disclosed for 2024 reporting,2024,,Report mentions investments in certified renewable energy certificates and long-term green electricity contracts but does not disclose quantified cost in this snippet.,cost_not_disclosed_or_unquantified_review_note,Report states renewable energies can be counted toward reductions of greenhouse gas emissions under SAP's market-based approach; quantified CO2e abatement is not disclosed in this snippet.,60,SAP Integrated Report 2024.pdf,SAP Integrated Report 2024,"SAP reports that gross greenhouse gas emissions are measured across Scope 1, Scope 2, and relevant Scope 3 emissions as part of its net-zero commitment, applying a market-based approach. The report states that renewable energies, including self-generated renewable electricity, investments in certified renewable energy certificates, long-term green electricity contracts such as power purchase agreements, and renewable electricity purchased by suppliers and customers can be counted toward greenhouse gas emission reductions."
valid_project_evidence,,page_level_project_or_measure_evidence,renewable_power,Renewable power and green electricity procurement,r478_siemensenergy,SIEMENS ENERGY,西门子能源,478,D,"Electricity, Heat, Gas and Water Production and Supply",renewable_certificates,Renewable electricity for global facilities,Renewable electricity for all Siemens Energy facilities,Using renewable electricity in all facilities around the globe as a lever for climate-neutral operations,target reached in fiscal year 2023 and maintained in operations,2023 | 2030,,,missing_project_cost_or_investment_evidence,Report identifies renewable electricity in all facilities as one lever for reducing Siemens Energy's carbon footprint; quantified abatement is not disclosed in this snippet.,7,SIEMENS ENERGY-sustainability-report-2024-pdf_Original%20file.pdf,Siemens Energy Sustainability Report 2024,"Siemens Energy states that its goal is to be climate neutral within operations by 2030. One lever is using renewable electricity in all facilities around the globe, a target the company says it reached in fiscal year 2023. The same passage also notes reducing energy consumption, increasing electrification in processes and buildings, and transforming the entire car fleet to 100% electric vehicles."
valid_project_evidence,,page_level_project_or_measure_evidence,renewable_power,Renewable power and green electricity procurement,r480_ecopetrol,ECOPETROL,哥伦比亚国家石油公司,480,B,Mining,onsite_solar_wind,Solar farm for self-consumption,La Cira Infantas solar farm,56 MWp solar farm in Barrancabermeja for self-consumption,inaugurated / commissioning tests started,2024,Report states the initiative is part of a reduction of approximately USD 1.6 million in gas consumption.,,accepted_project_cost_or_investment_evidence,"Expected to generate up to 76.3 GWh per year and reduce 18,000 tons of CO2 equivalent emissions at Barrancabermeja.",6,2024-ECOPETROL-integrated-management-report.pdf,Ecopetrol Integrated Management Report 2024,"Ecopetrol states that in 2024 it inaugurated the La Cira Infantas solar farm in Barrancabermeja, with an installed capacity of 56 MWp for self-consumption, expected to generate up to 76.3 gigawatt-hours per year. The initiative is part of a reduction of approximately USD 1.6 million in gas consumption and 18,000 tons in CO2 equivalent emissions at Barrancabermeja."
valid_project_evidence,,page_level_project_or_measure_evidence,renewable_power,Renewable power and green electricity procurement,r487_heineken,HEINEKEN,喜力公司,487,C,Manufacturing,onsite_solar_wind,Biomass and concentrated solar thermal at breweries,Brazil and Vietnam biomass use and Spain concentrated solar thermal breweries,Using biomass at two large operating companies and concentrated solar thermal at two Spanish breweries,in use,2024,,,missing_project_cost_or_investment_evidence,Report presents these as success cases for decarbonising operations; quantified abatement is not disclosed in this snippet.,4,heineken_n_v_annual_report_2024_final_20feb2025.pdf,HEINEKEN Annual Report 2024,"HEINEKEN reports success cases for decarbonising operations: two of its largest operating companies, Brazil and Vietnam, are using biomass, and two of its breweries in Spain are using concentrated solar thermal to harness the power of the sun."
valid_project_evidence,,page_level_project_or_measure_evidence,renewable_power,Renewable power and green electricity procurement,r489_3m公司,3M,3M,489,C,Manufacturing,site_100_percent_renewable_electricity_conversion,Site conversion to 100% renewable electricity,3M site conversion to 100% renewable electricity,"Converting sites worldwide to be powered by 100% renewable electricity and seeking solar, wind, and other alternative energy projects",conversion program started in 2019 and reported through end-2024,2019 | 2024,,Report does not disclose quantified site conversion cost in this snippet.,cost_not_disclosed_or_unquantified_review_note,Report states sites powered by 100% renewable electricity comprised 62.9% of total electricity use at the end of 2024; quantified CO2e abatement is not disclosed in this snippet.,27,3M-2025-Global-Impact-Report.pdf,3M Global Impact Report 2025,"3M reports that its energy-footprint management includes evaluating and improving products, manufacturing processes, equipment, and sites. The report states that in 2019 3M began converting sites around the world to be powered by 100% renewable electricity. As of the end of 2024, sites powered by 100% renewable electricity comprised 62.9% of total electricity use, and 3M continues to seek alternative energy sources at sites, including solar, wind, and projects."
