company_id,company_name,world500_rank,industry_section_code,industry_section_name_zh,industry_section_name_en,missing_reason,missing_scope1,missing_scope2,missing_scope3,missing_year,missing_unit,missing_boundary,next_action
r004_saudiaramco,SAUDI ARAMCO,4,B,采矿业,Mining,no_complete_scope123_total_in_current_published_graph,true,true,true,true,true,true,回到企业报告核证页或排放表逐项核验 Scope 1、selected Scope 2、Scope 3、年份、单位和边界
r005_sinopecgroup,SINOPEC GROUP,5,C,制造业,Manufacturing,no_complete_scope123_total_in_current_published_graph,true,true,true,true,true,true,回到企业报告核证页或排放表逐项核验 Scope 1、selected Scope 2、Scope 3、年份、单位和边界
r006_chinanationalpetroleum,CHINA NATIONAL PETROLEUM,6,B,采矿业,Mining,no_complete_scope123_total_in_current_published_graph,true,true,true,true,true,true,回到企业报告核证页或排放表逐项核验 Scope 1、selected Scope 2、Scope 3、年份、单位和边界
r010_cvshealth公司,CVS Health,10,F,批发和零售业,Wholesale and Retail Trade,no_complete_scope123_total_in_current_published_graph,true,true,true,true,true,true,回到企业报告核证页或排放表逐项核验 Scope 1、selected Scope 2、Scope 3、年份、单位和边界
r011_volkswagen,VOLKSWAGEN,11,C,制造业,Manufacturing,no_complete_scope123_total_in_current_published_graph,true,true,true,true,true,true,回到企业报告核证页或排放表逐项核验 Scope 1、selected Scope 2、Scope 3、年份、单位和边界
r012_exxonmobil,EXXON MOBIL,12,B,采矿业,Mining,no_complete_scope123_total_in_current_published_graph,true,true,true,true,true,true,回到企业报告核证页或排放表逐项核验 Scope 1、selected Scope 2、Scope 3、年份、单位和边界
r014_chinastateconstructionengineering,CHINA STATE CONSTRUCTION ENGINEERING,14,E,建筑业,Construction,no_complete_scope123_total_in_current_published_graph,true,true,true,true,true,true,回到企业报告核证页或排放表逐项核验 Scope 1、selected Scope 2、Scope 3、年份、单位和边界
r015_toyotamotor,TOYOTA MOTOR,15,C,制造业,Manufacturing,no_complete_scope123_total_in_current_published_graph,true,true,true,true,true,true,回到企业报告核证页或排放表逐项核验 Scope 1、selected Scope 2、Scope 3、年份、单位和边界
r016_mckesson,MCKESSON,16,F,批发和零售业,Wholesale and Retail Trade,no_complete_scope123_total_in_current_published_graph,true,true,true,true,true,true,回到企业报告核证页或排放表逐项核验 Scope 1、selected Scope 2、Scope 3、年份、单位和边界
r017_alphabet公司,Alphabet,17,I,信息传输、软件和信息技术服务业,"Information Transmission, Software and Information Technology Services",partial_strong_evidence_total_excluded_from_complete_scope123_ranking,false,false,true,false,false,true,补齐缺失 Scope 或 Scope 2 方法后再入完整主榜
r018_cencora公司,Cencora,18,F,批发和零售业,Wholesale and Retail Trade,no_complete_scope123_total_in_current_published_graph,true,true,true,true,true,true,回到企业报告核证页或排放表逐项核验 Scope 1、selected Scope 2、Scope 3、年份、单位和边界
r019_trafiguragroup,TRAFIGURA GROUP,19,F,批发和零售业,Wholesale and Retail Trade,no_complete_scope123_total_in_current_published_graph,true,true,true,true,true,true,回到企业报告核证页或排放表逐项核验 Scope 1、selected Scope 2、Scope 3、年份、单位和边界
r020_costcowholesale,COSTCO WHOLESALE,20,F,批发和零售业,Wholesale and Retail Trade,no_complete_scope123_total_in_current_published_graph,true,true,true,true,true,true,回到企业报告核证页或排放表逐项核验 Scope 1、selected Scope 2、Scope 3、年份、单位和边界
r021_jpmorganchase,JPMORGAN CHASE,21,J,金融业,Finance,no_complete_scope123_total_in_current_published_graph,true,true,true,true,true,true,回到企业报告核证页或排放表逐项核验 Scope 1、selected Scope 2、Scope 3、年份、单位和边界
r022_industrialandcommercialbankofchina,INDUSTRIAL & COMMERCIAL BANK OF CHINA,22,J,金融业,Finance,no_complete_scope123_total_in_current_published_graph,true,true,true,true,true,true,回到企业报告核证页或排放表逐项核验 Scope 1、selected Scope 2、Scope 3、年份、单位和边界
r023_totalenergies,TOTALENERGIES,23,B,采矿业,Mining,no_complete_scope123_total_in_current_published_graph,true,true,true,true,true,true,回到企业报告核证页或排放表逐项核验 Scope 1、selected Scope 2、Scope 3、年份、单位和边界
r024_glencore,GLENCORE,24,B,采矿业,Mining,partial_strong_evidence_total_excluded_from_complete_scope123_ranking,false,true,true,false,false,true,补齐缺失 Scope 或 Scope 2 方法后再入完整主榜
r025_bp,BP,25,D,电力、热力、燃气及水生产和供应业,"Electricity, Heat, Gas and Water Production and Supply",no_complete_scope123_total_in_current_published_graph,true,true,true,true,true,true,回到企业报告核证页或排放表逐项核验 Scope 1、selected Scope 2、Scope 3、年份、单位和边界
r026_microsoft,MICROSOFT,26,I,信息传输、软件和信息技术服务业,"Information Transmission, Software and Information Technology Services",no_complete_scope123_total_in_current_published_graph,true,true,true,true,true,true,回到企业报告核证页或排放表逐项核验 Scope 1、selected Scope 2、Scope 3、年份、单位和边界
r027_cardinalhealth,CARDINAL HEALTH,27,F,批发和零售业,Wholesale and Retail Trade,partial_strong_evidence_total_excluded_from_complete_scope123_ranking,false,true,true,false,false,true,补齐缺失 Scope 或 Scope 2 方法后再入完整主榜
r028_stellantis集团,Stellantis,28,C,制造业,Manufacturing,no_complete_scope123_total_in_current_published_graph,true,true,true,true,true,true,回到企业报告核证页或排放表逐项核验 Scope 1、selected Scope 2、Scope 3、年份、单位和边界
r029_chevron,CHEVRON,29,B,采矿业,Mining,no_complete_scope123_total_in_current_published_graph,true,true,true,true,true,true,回到企业报告核证页或排放表逐项核验 Scope 1、selected Scope 2、Scope 3、年份、单位和边界
r030_chinaconstructionbank,CHINA CONSTRUCTION BANK,30,J,金融业,Finance,no_complete_scope123_total_in_current_published_graph,true,true,true,true,true,true,回到企业报告核证页或排放表逐项核验 Scope 1、selected Scope 2、Scope 3、年份、单位和边界
r031_samsungelectronics,SAMSUNG ELECTRONICS,31,C,制造业,Manufacturing,no_complete_scope123_total_in_current_published_graph,true,true,true,true,true,true,回到企业报告核证页或排放表逐项核验 Scope 1、selected Scope 2、Scope 3、年份、单位和边界
r032_honhaiprecisionindustry,HON HAI PRECISION INDUSTRY,32,C,制造业,Manufacturing,no_complete_scope123_total_in_current_published_graph,true,true,true,true,true,true,回到企业报告核证页或排放表逐项核验 Scope 1、selected Scope 2、Scope 3、年份、单位和边界
r033_cignagroup,CIGNA GROUP,33,J,金融业,Finance,no_complete_scope123_total_in_current_published_graph,true,true,true,true,true,true,回到企业报告核证页或排放表逐项核验 Scope 1、selected Scope 2、Scope 3、年份、单位和边界
r034_agriculturalbankofchina,AGRICULTURAL BANK OF CHINA,34,J,金融业,Finance,no_complete_scope123_total_in_current_published_graph,true,true,true,true,true,true,回到企业报告核证页或排放表逐项核验 Scope 1、selected Scope 2、Scope 3、年份、单位和边界
r035_chinarailwayengineeringgroup,CHINA RAILWAY ENGINEERING GROUP,35,E,建筑业,Construction,no_complete_scope123_total_in_current_published_graph,true,true,true,true,true,true,回到企业报告核证页或排放表逐项核验 Scope 1、selected Scope 2、Scope 3、年份、单位和边界
r036_fordmotor,FORD MOTOR,36,C,制造业,Manufacturing,no_complete_scope123_total_in_current_published_graph,true,true,true,true,true,true,回到企业报告核证页或排放表逐项核验 Scope 1、selected Scope 2、Scope 3、年份、单位和边界
r037_bankofchina,BANK OF CHINA,37,J,金融业,Finance,no_complete_scope123_total_in_current_published_graph,true,true,true,true,true,true,回到企业报告核证页或排放表逐项核验 Scope 1、selected Scope 2、Scope 3、年份、单位和边界
r038_bankofamerica,BANK OF AMERICA,38,J,金融业,Finance,no_complete_scope123_total_in_current_published_graph,true,true,true,true,true,true,回到企业报告核证页或排放表逐项核验 Scope 1、selected Scope 2、Scope 3、年份、单位和边界
r039_generalmotors,GENERAL MOTORS,39,C,制造业,Manufacturing,no_complete_scope123_total_in_current_published_graph,true,true,true,true,true,true,回到企业报告核证页或排放表逐项核验 Scope 1、selected Scope 2、Scope 3、年份、单位和边界
r041_bmwgroup,BMW GROUP,41,C,制造业,Manufacturing,no_complete_scope123_total_in_current_published_graph,true,true,true,true,true,true,回到企业报告核证页或排放表逐项核验 Scope 1、selected Scope 2、Scope 3、年份、单位和边界
r042_mercedesbenzgroup,MERCEDES-BENZ GROUP,42,C,制造业,Manufacturing,partial_strong_evidence_total_excluded_from_complete_scope123_ranking,false,true,true,false,false,true,补齐缺失 Scope 或 Scope 2 方法后再入完整主榜
r044_chinabaowusteelgroup,CHINA BAOWU STEEL GROUP,44,C,制造业,Manufacturing,no_complete_scope123_total_in_current_published_graph,true,true,true,true,true,true,回到企业报告核证页或排放表逐项核验 Scope 1、selected Scope 2、Scope 3、年份、单位和边界
r045_citigroup,CITIGROUP,45,J,金融业,Finance,no_complete_scope123_total_in_current_published_graph,true,true,true,true,true,true,回到企业报告核证页或排放表逐项核验 Scope 1、selected Scope 2、Scope 3、年份、单位和边界
r047_jdcom,JD.COM,47,F,批发和零售业,Wholesale and Retail Trade,no_complete_scope123_total_in_current_published_graph,true,true,true,true,true,true,回到企业报告核证页或排放表逐项核验 Scope 1、selected Scope 2、Scope 3、年份、单位和边界
r049_electricitédefrance,ELECTRICITÉ DE FRANCE,49,D,电力、热力、燃气及水生产和供应业,"Electricity, Heat, Gas and Water Production and Supply",partial_strong_evidence_total_excluded_from_complete_scope123_ranking,false,false,true,false,false,true,补齐缺失 Scope 或 Scope 2 方法后再入完整主榜
r050_marathonpetroleum,MARATHON PETROLEUM,50,C,制造业,Manufacturing,no_complete_scope123_total_in_current_published_graph,true,true,true,true,true,true,回到企业报告核证页或排放表逐项核验 Scope 1、selected Scope 2、Scope 3、年份、单位和边界
r052_phillips66公司,Phillips 66,52,D,电力、热力、燃气及水生产和供应业,"Electricity, Heat, Gas and Water Production and Supply",no_complete_scope123_total_in_current_published_graph,true,true,true,true,true,true,回到企业报告核证页或排放表逐项核验 Scope 1、selected Scope 2、Scope 3、年份、单位和边界
r053_pinganinsurance,PING AN INSURANCE,53,J,金融业,Finance,no_complete_scope123_total_in_current_published_graph,true,true,true,true,true,true,回到企业报告核证页或排放表逐项核验 Scope 1、selected Scope 2、Scope 3、年份、单位和边界
r054_sinochemholdings,SINOCHEM HOLDINGS,54,C,制造业,Manufacturing,no_complete_scope123_total_in_current_published_graph,true,true,true,true,true,true,回到企业报告核证页或排放表逐项核验 Scope 1、selected Scope 2、Scope 3、年份、单位和边界
r055_chinamobilecommunications,CHINA MOBILE COMMUNICATIONS,55,I,信息传输、软件和信息技术服务业,"Information Transmission, Software and Information Technology Services",no_complete_scope123_total_in_current_published_graph,true,true,true,true,true,true,回到企业报告核证页或排放表逐项核验 Scope 1、selected Scope 2、Scope 3、年份、单位和边界
r056_chinanationaloffshoreoil,CHINA NATIONAL OFFSHORE OIL,56,B,采矿业,Mining,no_complete_scope123_total_in_current_published_graph,true,true,true,true,true,true,回到企业报告核证页或排放表逐项核验 Scope 1、selected Scope 2、Scope 3、年份、单位和边界
r057_hondamotor,HONDA MOTOR,57,C,制造业,Manufacturing,no_complete_scope123_total_in_current_published_graph,true,true,true,true,true,true,回到企业报告核证页或排放表逐项核验 Scope 1、selected Scope 2、Scope 3、年份、单位和边界
r058_fanniemae,FANNIE MAE,58,J,金融业,Finance,no_complete_scope123_total_in_current_published_graph,true,true,true,true,true,true,回到企业报告核证页或排放表逐项核验 Scope 1、selected Scope 2、Scope 3、年份、单位和边界
r059_chinalifeinsurance,CHINA LIFE INSURANCE,59,J,金融业,Finance,no_complete_scope123_total_in_current_published_graph,true,true,true,true,true,true,回到企业报告核证页或排放表逐项核验 Scope 1、selected Scope 2、Scope 3、年份、单位和边界
r060_walgreensbootsalliance,WALGREENS BOOTS ALLIANCE,60,F,批发和零售业,Wholesale and Retail Trade,no_complete_scope123_total_in_current_published_graph,true,true,true,true,true,true,回到企业报告核证页或排放表逐项核验 Scope 1、selected Scope 2、Scope 3、年份、单位和边界
r061_valeroenergy,VALERO ENERGY,61,C,制造业,Manufacturing,partial_strong_evidence_total_excluded_from_complete_scope123_ranking,false,true,true,false,false,true,补齐缺失 Scope 或 Scope 2 方法后再入完整主榜
r062_bancosantander,BANCO SANTANDER,62,J,金融业,Finance,no_complete_scope123_total_in_current_published_graph,true,true,true,true,true,true,回到企业报告核证页或排放表逐项核验 Scope 1、selected Scope 2、Scope 3、年份、单位和边界
r063_chinacommunicationsconstruction,CHINA COMMUNICATIONS CONSTRUCTION,63,E,建筑业,Construction,no_complete_scope123_total_in_current_published_graph,true,true,true,true,true,true,回到企业报告核证页或排放表逐项核验 Scope 1、selected Scope 2、Scope 3、年份、单位和边界
r065_mitsubishi,MITSUBISHI,65,F,批发和零售业,Wholesale and Retail Trade,no_complete_scope123_total_in_current_published_graph,true,true,true,true,true,true,回到企业报告核证页或排放表逐项核验 Scope 1、selected Scope 2、Scope 3、年份、单位和边界
r067_hsbcholdings,HSBC HOLDINGS,67,J,金融业,Finance,no_complete_scope123_total_in_current_published_graph,true,true,true,true,true,true,回到企业报告核证页或排放表逐项核验 Scope 1、selected Scope 2、Scope 3、年份、单位和边界
r068_verizoncommunications,VERIZON COMMUNICATIONS,68,I,信息传输、软件和信息技术服务业,"Information Transmission, Software and Information Technology Services",no_complete_scope123_total_in_current_published_graph,true,true,true,true,true,true,回到企业报告核证页或排放表逐项核验 Scope 1、selected Scope 2、Scope 3、年份、单位和边界
r069_chinaminmetals,CHINA MINMETALS,69,C,制造业,Manufacturing,no_complete_scope123_total_in_current_published_graph,true,true,true,true,true,true,回到企业报告核证页或排放表逐项核验 Scope 1、selected Scope 2、Scope 3、年份、单位和边界
r070_alibabagroupholding,ALIBABA GROUP HOLDING,70,F,批发和零售业,Wholesale and Retail Trade,no_complete_scope123_total_in_current_published_graph,true,true,true,true,true,true,回到企业报告核证页或排放表逐项核验 Scope 1、selected Scope 2、Scope 3、年份、单位和边界
r071_citicgroup,CITIC GROUP,71,J,金融业,Finance,no_complete_scope123_total_in_current_published_graph,true,true,true,true,true,true,回到企业报告核证页或排放表逐项核验 Scope 1、selected Scope 2、Scope 3、年份、单位和边界
r072_chinaresources,CHINA RESOURCES,72,J,金融业,Finance,no_complete_scope123_total_in_current_published_graph,true,true,true,true,true,true,回到企业报告核证页或排放表逐项核验 Scope 1、selected Scope 2、Scope 3、年份、单位和边界
r073_hyundaimotor,HYUNDAI MOTOR,73,C,制造业,Manufacturing,partial_strong_evidence_total_excluded_from_complete_scope123_ranking,true,false,true,false,false,true,补齐缺失 Scope 或 Scope 2 方法后再入完整主榜
r074_atandt,AT&T,74,I,信息传输、软件和信息技术服务业,"Information Transmission, Software and Information Technology Services",no_complete_scope123_total_in_current_published_graph,true,true,true,true,true,true,回到企业报告核证页或排放表逐项核验 Scope 1、selected Scope 2、Scope 3、年份、单位和边界
r077_deutschetelekom,DEUTSCHE TELEKOM,77,I,信息传输、软件和信息技术服务业,"Information Transmission, Software and Information Technology Services",no_complete_scope123_total_in_current_published_graph,true,true,true,true,true,true,回到企业报告核证页或排放表逐项核验 Scope 1、selected Scope 2、Scope 3、年份、单位和边界
r078_chinasouthernpowergrid,CHINA SOUTHERN POWER GRID,78,D,电力、热力、燃气及水生产和供应业,"Electricity, Heat, Gas and Water Production and Supply",no_complete_scope123_total_in_current_published_graph,true,true,true,true,true,true,回到企业报告核证页或排放表逐项核验 Scope 1、selected Scope 2、Scope 3、年份、单位和边界
r079_uniper公司,Uniper,79,D,电力、热力、燃气及水生产和供应业,"Electricity, Heat, Gas and Water Production and Supply",partial_strong_evidence_total_excluded_from_complete_scope123_ranking,false,true,true,false,false,true,补齐缺失 Scope 或 Scope 2 方法后再入完整主榜
r082_allianz,ALLIANZ,82,J,金融业,Finance,no_complete_scope123_total_in_current_published_graph,true,true,true,true,true,true,回到企业报告核证页或排放表逐项核验 Scope 1、selected Scope 2、Scope 3、年份、单位和边界
r084_chinaenergyinvestment,CHINA ENERGY INVESTMENT,84,D,电力、热力、燃气及水生产和供应业,"Electricity, Heat, Gas and Water Production and Supply",no_complete_scope123_total_in_current_published_graph,true,true,true,true,true,true,回到企业报告核证页或排放表逐项核验 Scope 1、selected Scope 2、Scope 3、年份、单位和边界
r085_xiamencandd,XIAMEN C&D,85,L,租赁和商务服务业,Leasing and Business Services,no_complete_scope123_total_in_current_published_graph,true,true,true,true,true,true,回到企业报告核证页或排放表逐项核验 Scope 1、selected Scope 2、Scope 3、年份、单位和边界
r086_relianceindustries,RELIANCE INDUSTRIES,86,D,电力、热力、燃气及水生产和供应业,"Electricity, Heat, Gas and Water Production and Supply",no_complete_scope123_total_in_current_published_graph,true,true,true,true,true,true,回到企业报告核证页或排放表逐项核验 Scope 1、selected Scope 2、Scope 3、年份、单位和边界
r089_rosneftoil,ROSNEFT OIL,89,D,电力、热力、燃气及水生产和供应业,"Electricity, Heat, Gas and Water Production and Supply",no_complete_scope123_total_in_current_published_graph,true,true,true,true,true,true,回到企业报告核证页或排放表逐项核验 Scope 1、selected Scope 2、Scope 3、年份、单位和边界
r090_target,TARGET,90,F,批发和零售业,Wholesale and Retail Trade,no_complete_scope123_total_in_current_published_graph,true,true,true,true,true,true,回到企业报告核证页或排放表逐项核验 Scope 1、selected Scope 2、Scope 3、年份、单位和边界
r093_saicmotor,SAIC MOTOR,93,C,制造业,Manufacturing,no_complete_scope123_total_in_current_published_graph,true,true,true,true,true,true,回到企业报告核证页或排放表逐项核验 Scope 1、selected Scope 2、Scope 3、年份、单位和边界
r094_statefarminsurance,STATE FARM INSURANCE,94,J,金融业,Finance,no_complete_scope123_total_in_current_published_graph,true,true,true,true,true,true,回到企业报告核证页或排放表逐项核验 Scope 1、selected Scope 2、Scope 3、年份、单位和边界
r095_lifeinsurancecorpofindia,LIFE INSURANCE CORP. OF INDIA,95,J,金融业,Finance,partial_strong_evidence_total_excluded_from_complete_scope123_ranking,false,true,true,false,false,true,补齐缺失 Scope 或 Scope 2 方法后再入完整主榜
r096_nestlé,NESTLÉ,96,C,制造业,Manufacturing,no_complete_scope123_total_in_current_published_graph,true,true,true,true,true,true,回到企业报告核证页或排放表逐项核验 Scope 1、selected Scope 2、Scope 3、年份、单位和边界
r097_enel,ENEL,97,D,电力、热力、燃气及水生产和供应业,"Electricity, Heat, Gas and Water Production and Supply",no_complete_scope123_total_in_current_published_graph,true,true,true,true,true,true,回到企业报告核证页或排放表逐项核验 Scope 1、selected Scope 2、Scope 3、年份、单位和边界
r098_eni,ENI,98,B,采矿业,Mining,no_complete_scope123_total_in_current_published_graph,true,true,true,true,true,true,回到企业报告核证页或排放表逐项核验 Scope 1、selected Scope 2、Scope 3、年份、单位和边界
r100_sk集团,SK,100,D,电力、热力、燃气及水生产和供应业,"Electricity, Heat, Gas and Water Production and Supply",no_complete_scope123_total_in_current_published_graph,true,true,true,true,true,true,回到企业报告核证页或排放表逐项核验 Scope 1、selected Scope 2、Scope 3、年份、单位和边界
r101_eon,E.ON,101,D,电力、热力、燃气及水生产和供应业,"Electricity, Heat, Gas and Water Production and Supply",partial_strong_evidence_total_excluded_from_complete_scope123_ranking,true,false,true,false,false,true,补齐缺失 Scope 或 Scope 2 方法后再入完整主榜
r103_huaweiinvestmentandholding,HUAWEI INVESTMENT & HOLDING,103,C,制造业,Manufacturing,no_complete_scope123_total_in_current_published_graph,true,true,true,true,true,true,回到企业报告核证页或排放表逐项核验 Scope 1、selected Scope 2、Scope 3、年份、单位和边界
r104_sociétégénérale,SOCIÉTÉ GÉNÉRALE,104,J,金融业,Finance,no_complete_scope123_total_in_current_published_graph,true,true,true,true,true,true,回到企业报告核证页或排放表逐项核验 Scope 1、selected Scope 2、Scope 3、年份、单位和边界
r105_boschgroup,BOSCH GROUP,105,C,制造业,Manufacturing,no_complete_scope123_total_in_current_published_graph,true,true,true,true,true,true,回到企业报告核证页或排放表逐项核验 Scope 1、selected Scope 2、Scope 3、年份、单位和边界
r107_itochu,ITOCHU,107,L,租赁和商务服务业,Leasing and Business Services,no_complete_scope123_total_in_current_published_graph,true,true,true,true,true,true,回到企业报告核证页或排放表逐项核验 Scope 1、selected Scope 2、Scope 3、年份、单位和边界
r108_powerchina,POWERCHINA,108,E,建筑业,Construction,no_complete_scope123_total_in_current_published_graph,true,true,true,true,true,true,回到企业报告核证页或排放表逐项核验 Scope 1、selected Scope 2、Scope 3、年份、单位和边界
r110_tesla,TESLA,110,C,制造业,Manufacturing,no_complete_scope123_total_in_current_published_graph,true,true,true,true,true,true,回到企业报告核证页或排放表逐项核验 Scope 1、selected Scope 2、Scope 3、年份、单位和边界
r111_morganstanley,MORGAN STANLEY,111,J,金融业,Finance,no_complete_scope123_total_in_current_published_graph,true,true,true,true,true,true,回到企业报告核证页或排放表逐项核验 Scope 1、selected Scope 2、Scope 3、年份、单位和边界
r112_sinopharm,SINOPHARM,112,F,批发和零售业,Wholesale and Retail Trade,no_complete_scope123_total_in_current_published_graph,true,true,true,true,true,true,回到企业报告核证页或排放表逐项核验 Scope 1、selected Scope 2、Scope 3、年份、单位和边界
r113_brookfield,BROOKFIELD,113,J,金融业,Finance,no_complete_scope123_total_in_current_published_graph,true,true,true,true,true,true,回到企业报告核证页或排放表逐项核验 Scope 1、selected Scope 2、Scope 3、年份、单位和边界
r115_johnsonandjohnson,JOHNSON & JOHNSON,115,C,制造业,Manufacturing,no_complete_scope123_total_in_current_published_graph,true,true,true,true,true,true,回到企业报告核证页或排放表逐项核验 Scope 1、selected Scope 2、Scope 3、年份、单位和边界
r116_indianoil,INDIAN OIL,116,D,电力、热力、燃气及水生产和供应业,"Electricity, Heat, Gas and Water Production and Supply",no_complete_scope123_total_in_current_published_graph,true,true,true,true,true,true,回到企业报告核证页或排放表逐项核验 Scope 1、selected Scope 2、Scope 3、年份、单位和边界
r117_adm公司,ADM,117,C,制造业,Manufacturing,no_complete_scope123_total_in_current_published_graph,true,true,true,true,true,true,回到企业报告核证页或排放表逐项核验 Scope 1、selected Scope 2、Scope 3、年份、单位和边界
r119_christiandior,CHRISTIAN DIOR,119,C,制造业,Manufacturing,no_complete_scope123_total_in_current_published_graph,true,true,true,true,true,true,回到企业报告核证页或排放表逐项核验 Scope 1、selected Scope 2、Scope 3、年份、单位和边界
r120_nippontelegraphandtelephone,NIPPON TELEGRAPH AND TELEPHONE,120,I,信息传输、软件和信息技术服务业,"Information Transmission, Software and Information Technology Services",no_complete_scope123_total_in_current_published_graph,true,true,true,true,true,true,回到企业报告核证页或排放表逐项核验 Scope 1、selected Scope 2、Scope 3、年份、单位和边界
r121_mitsui,MITSUI,121,F,批发和零售业,Wholesale and Retail Trade,no_complete_scope123_total_in_current_published_graph,true,true,true,true,true,true,回到企业报告核证页或排放表逐项核验 Scope 1、selected Scope 2、Scope 3、年份、单位和边界
r123_pepsico,PEPSICO,123,C,制造业,Manufacturing,no_complete_scope123_total_in_current_published_graph,true,true,true,true,true,true,回到企业报告核证页或排放表逐项核验 Scope 1、selected Scope 2、Scope 3、年份、单位和边界
r124_unitedparcelservice,UNITED PARCEL SERVICE,124,G,交通运输、仓储和邮政业,"Transport, Storage and Post",no_complete_scope123_total_in_current_published_graph,true,true,true,true,true,true,回到企业报告核证页或排放表逐项核验 Scope 1、selected Scope 2、Scope 3、年份、单位和边界
r125_ptt,PTT,125,D,电力、热力、燃气及水生产和供应业,"Electricity, Heat, Gas and Water Production and Supply",partial_strong_evidence_total_excluded_from_complete_scope123_ranking,false,false,false,false,false,false,补齐缺失 Scope 或 Scope 2 方法后再入完整主榜
r126_axa,AXA,126,J,金融业,Finance,partial_strong_evidence_total_excluded_from_complete_scope123_ranking,false,false,true,false,false,true,补齐缺失 Scope 或 Scope 2 方法后再入完整主榜
r127_fedex,FEDEX,127,G,交通运输、仓储和邮政业,"Transport, Storage and Post",partial_strong_evidence_total_excluded_from_complete_scope123_ranking,true,false,true,false,false,true,补齐缺失 Scope 或 Scope 2 方法后再入完整主榜
r128_sony,SONY,128,C,制造业,Manufacturing,no_complete_scope123_total_in_current_published_graph,true,true,true,true,true,true,回到企业报告核证页或排放表逐项核验 Scope 1、selected Scope 2、Scope 3、年份、单位和边界
r129_chinafawgroup,CHINA FAW GROUP,129,C,制造业,Manufacturing,no_complete_scope123_total_in_current_published_graph,true,true,true,true,true,true,回到企业报告核证页或排放表逐项核验 Scope 1、selected Scope 2、Scope 3、年份、单位和边界
r130_engie集团,Engie,130,D,电力、热力、燃气及水生产和供应业,"Electricity, Heat, Gas and Water Production and Supply",partial_strong_evidence_total_excluded_from_complete_scope123_ranking,true,true,false,false,false,false,补齐缺失 Scope 或 Scope 2 方法后再入完整主榜
r131_waltdisney,WALT DISNEY,131,R,文化、体育和娱乐业,"Culture, Sports and Entertainment",no_complete_scope123_total_in_current_published_graph,true,true,true,true,true,true,回到企业报告核证页或排放表逐项核验 Scope 1、selected Scope 2、Scope 3、年份、单位和边界
r132_orlen,ORLEN,132,C,制造业,Manufacturing,partial_strong_evidence_total_excluded_from_complete_scope123_ranking,false,true,false,false,false,false,补齐缺失 Scope 或 Scope 2 方法后再入完整主榜
r133_delltechnologies,DELL TECHNOLOGIES,133,C,制造业,Manufacturing,no_complete_scope123_total_in_current_published_graph,true,true,true,true,true,true,回到企业报告核证页或排放表逐项核验 Scope 1、selected Scope 2、Scope 3、年份、单位和边界
r134_dhlgroup,DHL GROUP,134,G,交通运输、仓储和邮政业,"Transport, Storage and Post",no_complete_scope123_total_in_current_published_graph,true,true,true,true,true,true,回到企业报告核证页或排放表逐项核验 Scope 1、selected Scope 2、Scope 3、年份、单位和边界
r135_chinatelecommunications,CHINA TELECOMMUNICATIONS,135,I,信息传输、软件和信息技术服务业,"Information Transmission, Software and Information Technology Services",no_complete_scope123_total_in_current_published_graph,true,true,true,true,true,true,回到企业报告核证页或排放表逐项核验 Scope 1、selected Scope 2、Scope 3、年份、单位和边界
r136_nissanmotor,NISSAN MOTOR,136,C,制造业,Manufacturing,no_complete_scope123_total_in_current_published_graph,true,true,true,true,true,true,回到企业报告核证页或排放表逐项核验 Scope 1、selected Scope 2、Scope 3、年份、单位和边界
r137_royalbankofcanada,ROYAL BANK OF CANADA,137,J,金融业,Finance,no_complete_scope123_total_in_current_published_graph,true,true,true,true,true,true,回到企业报告核证页或排放表逐项核验 Scope 1、selected Scope 2、Scope 3、年份、单位和边界
r139_lowes,LOWE'S,139,F,批发和零售业,Wholesale and Retail Trade,no_complete_scope123_total_in_current_published_graph,true,true,true,true,true,true,回到企业报告核证页或排放表逐项核验 Scope 1、selected Scope 2、Scope 3、年份、单位和边界
r140_tesco,TESCO,140,F,批发和零售业,Wholesale and Retail Trade,no_complete_scope123_total_in_current_published_graph,true,true,true,true,true,true,回到企业报告核证页或排放表逐项核验 Scope 1、selected Scope 2、Scope 3、年份、单位和边界
r141_tencentholdings,TENCENT HOLDINGS,141,F,批发和零售业,Wholesale and Retail Trade,no_complete_scope123_total_in_current_published_graph,true,true,true,true,true,true,回到企业报告核证页或排放表逐项核验 Scope 1、selected Scope 2、Scope 3、年份、单位和边界
r143_byd,BYD,143,C,制造业,Manufacturing,no_complete_scope123_total_in_current_published_graph,true,true,true,true,true,true,回到企业报告核证页或排放表逐项核验 Scope 1、selected Scope 2、Scope 3、年份、单位和边界
r144_nipponlifeinsurance,NIPPON LIFE INSURANCE,144,J,金融业,Finance,no_complete_scope123_total_in_current_published_graph,true,true,true,true,true,true,回到企业报告核证页或排放表逐项核验 Scope 1、selected Scope 2、Scope 3、年份、单位和边界
r145_siemens,SIEMENS,145,C,制造业,Manufacturing,no_complete_scope123_total_in_current_published_graph,true,true,true,true,true,true,回到企业报告核证页或排放表逐项核验 Scope 1、selected Scope 2、Scope 3、年份、单位和边界
r146_japanpostholdings,JAPAN POST HOLDINGS,146,J,金融业,Finance,no_complete_scope123_total_in_current_published_graph,true,true,true,true,true,true,回到企业报告核证页或排放表逐项核验 Scope 1、selected Scope 2、Scope 3、年份、单位和边界
r148_mitsubishiufjfinancialgroup,MITSUBISHI UFJ FINANCIAL GROUP,148,J,金融业,Finance,no_complete_scope123_total_in_current_published_graph,true,true,true,true,true,true,回到企业报告核证页或排放表逐项核验 Scope 1、selected Scope 2、Scope 3、年份、单位和边界
r149_procterandgamble,PROCTER & GAMBLE,149,C,制造业,Manufacturing,no_complete_scope123_total_in_current_published_graph,true,true,true,true,true,true,回到企业报告核证页或排放表逐项核验 Scope 1、selected Scope 2、Scope 3、年份、单位和边界
r150_wuchanzhongdagroup,WUCHAN ZHONGDA GROUP,150,L,租赁和商务服务业,Leasing and Business Services,no_complete_scope123_total_in_current_published_graph,true,true,true,true,true,true,回到企业报告核证页或排放表逐项核验 Scope 1、selected Scope 2、Scope 3、年份、单位和边界
r151_sevenandi控股公司,Seven & I Holdings,151,F,批发和零售业,Wholesale and Retail Trade,no_complete_scope123_total_in_current_published_graph,true,true,true,true,true,true,回到企业报告核证页或排放表逐项核验 Scope 1、selected Scope 2、Scope 3、年份、单位和边界
r152_albertsons,ALBERTSONS,152,F,批发和零售业,Wholesale and Retail Trade,no_complete_scope123_total_in_current_published_graph,true,true,true,true,true,true,回到企业报告核证页或排放表逐项核验 Scope 1、selected Scope 2、Scope 3、年份、单位和边界
r153_eneosholdings,ENEOS HOLDINGS,153,D,电力、热力、燃气及水生产和供应业,"Electricity, Heat, Gas and Water Production and Supply",no_complete_scope123_total_in_current_published_graph,true,true,true,true,true,true,回到企业报告核证页或排放表逐项核验 Scope 1、selected Scope 2、Scope 3、年份、单位和边界
r154_bankofcommunications,BANK OF COMMUNICATIONS,154,J,金融业,Finance,no_complete_scope123_total_in_current_published_graph,true,true,true,true,true,true,回到企业报告核证页或排放表逐项核验 Scope 1、selected Scope 2、Scope 3、年份、单位和边界
r156_uspostalservice,U.S. POSTAL SERVICE,156,G,交通运输、仓储和邮政业,"Transport, Storage and Post",no_complete_scope123_total_in_current_published_graph,true,true,true,true,true,true,回到企业报告核证页或排放表逐项核验 Scope 1、selected Scope 2、Scope 3、年份、单位和边界
r157_jiangxicopper,JIANGXI COPPER,157,C,制造业,Manufacturing,no_complete_scope123_total_in_current_published_graph,true,true,true,true,true,true,回到企业报告核证页或排放表逐项核验 Scope 1、selected Scope 2、Scope 3、年份、单位和边界
r158_peoplesinsurancecoofchina,PEOPLE'S INSURANCE CO. OF CHINA,158,J,金融业,Finance,no_complete_scope123_total_in_current_published_graph,true,true,true,true,true,true,回到企业报告核证页或排放表逐项核验 Scope 1、selected Scope 2、Scope 3、年份、单位和边界
r159_boeing,BOEING,159,C,制造业,Manufacturing,no_complete_scope123_total_in_current_published_graph,true,true,true,true,true,true,回到企业报告核证页或排放表逐项核验 Scope 1、selected Scope 2、Scope 3、年份、单位和边界
r162_kia,KIA,162,C,制造业,Manufacturing,no_complete_scope123_total_in_current_published_graph,true,true,true,true,true,true,回到企业报告核证页或排放表逐项核验 Scope 1、selected Scope 2、Scope 3、年份、单位和边界
r163_sysco,SYSCO,163,F,批发和零售业,Wholesale and Retail Trade,partial_strong_evidence_total_excluded_from_complete_scope123_ranking,true,true,false,false,false,false,补齐缺失 Scope 或 Scope 2 方法后再入完整主榜
r164_daiichilifeholdings,DAI-ICHI LIFE HOLDINGS,164,J,金融业,Finance,no_complete_scope123_total_in_current_published_graph,true,true,true,true,true,true,回到企业报告核证页或排放表逐项核验 Scope 1、selected Scope 2、Scope 3、年份、单位和边界
r165_pertamina,PERTAMINA,165,D,电力、热力、燃气及水生产和供应业,"Electricity, Heat, Gas and Water Production and Supply",partial_strong_evidence_total_excluded_from_complete_scope123_ranking,false,false,true,false,false,true,补齐缺失 Scope 或 Scope 2 方法后再入完整主榜
r166_vinci,VINCI,166,E,建筑业,Construction,partial_strong_evidence_total_excluded_from_complete_scope123_ranking,false,true,true,false,false,true,补齐缺失 Scope 或 Scope 2 方法后再入完整主榜
r168_torontodominionbank,TORONTO-DOMINION BANK,168,J,金融业,Finance,partial_strong_evidence_total_excluded_from_complete_scope123_ranking,true,true,false,false,false,false,补齐缺失 Scope 或 Scope 2 方法后再入完整主榜
r169_lukoil,LUKOIL,169,B,采矿业,Mining,no_complete_scope123_total_in_current_published_graph,true,true,true,true,true,true,回到企业报告核证页或排放表逐项核验 Scope 1、selected Scope 2、Scope 3、年份、单位和边界
r174_法国bpce银行集团,BPCE Group,174,J,金融业,Finance,no_complete_scope123_total_in_current_published_graph,true,true,true,true,true,true,回到企业报告核证页或排放表逐项核验 Scope 1、selected Scope 2、Scope 3、年份、单位和边界
r176_巴西jbs公司,JBS,176,C,制造业,Manufacturing,partial_strong_evidence_total_excluded_from_complete_scope123_ranking,false,true,true,false,false,true,补齐缺失 Scope 或 Scope 2 方法后再入完整主榜
r177_alimentationcouchetard公司,Alimentation Couche-Tard,177,F,批发和零售业,Wholesale and Retail Trade,no_complete_scope123_total_in_current_published_graph,true,true,true,true,true,true,回到企业报告核证页或排放表逐项核验 Scope 1、selected Scope 2、Scope 3、年份、单位和边界
r178_statebankofindia,STATE BANK OF INDIA,178,J,金融业,Finance,no_complete_scope123_total_in_current_published_graph,true,true,true,true,true,true,回到企业报告核证页或排放表逐项核验 Scope 1、selected Scope 2、Scope 3、年份、单位和边界
r179_chinamerchantsbank,CHINA MERCHANTS BANK,179,J,金融业,Finance,no_complete_scope123_total_in_current_published_graph,true,true,true,true,true,true,回到企业报告核证页或排放表逐项核验 Scope 1、selected Scope 2、Scope 3、年份、单位和边界
r181_guangzhouautomobileindustrygroup,GUANGZHOU AUTOMOBILE INDUSTRY GROUP,181,C,制造业,Manufacturing,no_complete_scope123_total_in_current_published_graph,true,true,true,true,true,true,回到企业报告核证页或排放表逐项核验 Scope 1、selected Scope 2、Scope 3、年份、单位和边界
r182_ubsgroup,UBS GROUP,182,J,金融业,Finance,no_complete_scope123_total_in_current_published_graph,true,true,true,true,true,true,回到企业报告核证页或排放表逐项核验 Scope 1、selected Scope 2、Scope 3、年份、单位和边界
r183_airbus,AIRBUS,183,C,制造业,Manufacturing,partial_strong_evidence_total_excluded_from_complete_scope123_ranking,false,false,true,false,false,true,补齐缺失 Scope 或 Scope 2 方法后再入完整主榜
r184_toyotatsusho,TOYOTA TSUSHO,184,L,租赁和商务服务业,Leasing and Business Services,no_complete_scope123_total_in_current_published_graph,true,true,true,true,true,true,回到企业报告核证页或排放表逐项核验 Scope 1、selected Scope 2、Scope 3、年份、单位和边界
r185_zhejianggeelyholdinggroup,ZHEJIANG GEELY HOLDING GROUP,185,C,制造业,Manufacturing,no_complete_scope123_total_in_current_published_graph,true,true,true,true,true,true,回到企业报告核证页或排放表逐项核验 Scope 1、selected Scope 2、Scope 3、年份、单位和边界
r186_taiwansemiconductormanufacturing,TAIWAN SEMICONDUCTOR MANUFACTURING,186,C,制造业,Manufacturing,no_complete_scope123_total_in_current_published_graph,true,true,true,true,true,true,回到企业报告核证页或排放表逐项核验 Scope 1、selected Scope 2、Scope 3、年份、单位和边界
r189_itaúunibancoholding,ITAÚ UNIBANCO HOLDING,189,J,金融业,Finance,partial_strong_evidence_total_excluded_from_complete_scope123_ranking,false,false,true,false,false,true,补齐缺失 Scope 或 Scope 2 方法后再入完整主榜
r190_arcelormittal,ARCELORMITTAL,190,C,制造业,Manufacturing,no_complete_scope123_total_in_current_published_graph,true,true,true,true,true,true,回到企业报告核证页或排放表逐项核验 Scope 1、selected Scope 2、Scope 3、年份、单位和边界
r191_generalelectric,GENERAL ELECTRIC,191,C,制造业,Manufacturing,partial_strong_evidence_total_excluded_from_complete_scope123_ranking,true,true,false,false,false,false,补齐缺失 Scope 或 Scope 2 方法后再入完整主榜
r192_beijingautomotivegroup,BEIJING AUTOMOTIVE GROUP,192,C,制造业,Manufacturing,no_complete_scope123_total_in_current_published_graph,true,true,true,true,true,true,回到企业报告核证页或排放表逐项核验 Scope 1、selected Scope 2、Scope 3、年份、单位和边界
r193_lockheedmartin,LOCKHEED MARTIN,193,C,制造业,Manufacturing,partial_strong_evidence_total_excluded_from_complete_scope123_ranking,false,true,true,false,false,true,补齐缺失 Scope 或 Scope 2 方法后再入完整主榜
r195_americanexpress,AMERICAN EXPRESS,195,J,金融业,Finance,no_complete_scope123_total_in_current_published_graph,true,true,true,true,true,true,回到企业报告核证页或排放表逐项核验 Scope 1、selected Scope 2、Scope 3、年份、单位和边界
r196_hitachi,HITACHI,196,C,制造业,Manufacturing,no_complete_scope123_total_in_current_published_graph,true,true,true,true,true,true,回到企业报告核证页或排放表逐项核验 Scope 1、selected Scope 2、Scope 3、年份、单位和边界
r197_rochegroup,ROCHE GROUP,197,C,制造业,Manufacturing,no_complete_scope123_total_in_current_published_graph,true,true,true,true,true,true,回到企业报告核证页或排放表逐项核验 Scope 1、selected Scope 2、Scope 3、年份、单位和边界
r198_wilmarinternational,WILMAR INTERNATIONAL,198,C,制造业,Manufacturing,partial_strong_evidence_total_excluded_from_complete_scope123_ranking,true,true,false,false,false,false,补齐缺失 Scope 或 Scope 2 方法后再入完整主榜
r199_caterpillar,CATERPILLAR,199,C,制造业,Manufacturing,no_complete_scope123_total_in_current_published_graph,true,true,true,true,true,true,回到企业报告核证页或排放表逐项核验 Scope 1、selected Scope 2、Scope 3、年份、单位和边界
r200_bancobilbaovizcayaargentaria,BANCO BILBAO VIZCAYA ARGENTARIA,200,J,金融业,Finance,no_complete_scope123_total_in_current_published_graph,true,true,true,true,true,true,回到企业报告核证页或排放表逐项核验 Scope 1、selected Scope 2、Scope 3、年份、单位和边界
r201_koreaelectricpower,KOREA ELECTRIC POWER,201,D,电力、热力、燃气及水生产和供应业,"Electricity, Heat, Gas and Water Production and Supply",no_complete_scope123_total_in_current_published_graph,true,true,true,true,true,true,回到企业报告核证页或排放表逐项核验 Scope 1、selected Scope 2、Scope 3、年份、单位和边界
r202_metlife,METLIFE,202,J,金融业,Finance,no_complete_scope123_total_in_current_published_graph,true,true,true,true,true,true,回到企业报告核证页或排放表逐项核验 Scope 1、selected Scope 2、Scope 3、年份、单位和边界
r203_aeon,AEON,203,F,批发和零售业,Wholesale and Retail Trade,no_complete_scope123_total_in_current_published_graph,true,true,true,true,true,true,回到企业报告核证页或排放表逐项核验 Scope 1、selected Scope 2、Scope 3、年份、单位和边界
r204_lloydsbankinggroup,LLOYDS BANKING GROUP,204,J,金融业,Finance,partial_strong_evidence_total_excluded_from_complete_scope123_ranking,false,false,false,false,false,false,补齐缺失 Scope 或 Scope 2 方法后再入完整主榜
r205_deutschebank,DEUTSCHE BANK,205,J,金融业,Finance,no_complete_scope123_total_in_current_published_graph,true,true,true,true,true,true,回到企业报告核证页或排放表逐项核验 Scope 1、selected Scope 2、Scope 3、年份、单位和边界
r206_chinavanke,CHINA VANKE,206,K,房地产业,Real Estate,partial_strong_evidence_total_excluded_from_complete_scope123_ranking,false,true,true,false,false,true,补齐缺失 Scope 或 Scope 2 方法后再入完整主榜
r207_hca医疗保健公司,HCA Healthcare,207,S,公共管理、社会保障和社会组织,"Public Administration, Social Security and Social Organizations",no_complete_scope123_total_in_current_published_graph,true,true,true,true,true,true,回到企业报告核证页或排放表逐项核验 Scope 1、selected Scope 2、Scope 3、年份、单位和边界
r208_sumitomomitsuifinancialgroup,SUMITOMO MITSUI FINANCIAL GROUP,208,J,金融业,Finance,no_complete_scope123_total_in_current_published_graph,true,true,true,true,true,true,回到企业报告核证页或排放表逐项核验 Scope 1、selected Scope 2、Scope 3、年份、单位和边界
r209_lg电子,LG Electronics,209,C,制造业,Manufacturing,no_complete_scope123_total_in_current_published_graph,true,true,true,true,true,true,回到企业报告核证页或排放表逐项核验 Scope 1、selected Scope 2、Scope 3、年份、单位和边界
r211_accenture,ACCENTURE,211,I,信息传输、软件和信息技术服务业,"Information Transmission, Software and Information Technology Services",no_complete_scope123_total_in_current_published_graph,true,true,true,true,true,true,回到企业报告核证页或排放表逐项核验 Scope 1、selected Scope 2、Scope 3、年份、单位和边界
r212_barclays,BARCLAYS,212,J,金融业,Finance,no_complete_scope123_total_in_current_published_graph,true,true,true,true,true,true,回到企业报告核证页或排放表逐项核验 Scope 1、selected Scope 2、Scope 3、年份、单位和边界
r214_aluminumcorpofchina,ALUMINUM CORP. OF CHINA,214,C,制造业,Manufacturing,no_complete_scope123_total_in_current_published_graph,true,true,true,true,true,true,回到企业报告核证页或排放表逐项核验 Scope 1、selected Scope 2、Scope 3、年份、单位和边界
r215_munichregroup,MUNICH RE GROUP,215,J,金融业,Finance,no_complete_scope123_total_in_current_published_graph,true,true,true,true,true,true,回到企业报告核证页或排放表逐项核验 Scope 1、selected Scope 2、Scope 3、年份、单位和边界
r217_bancodobrasil,BANCO DO BRASIL,217,J,金融业,Finance,no_complete_scope123_total_in_current_published_graph,true,true,true,true,true,true,回到企业报告核证页或排放表逐项核验 Scope 1、selected Scope 2、Scope 3、年份、单位和边界
r220_nipponsteelcorporation,NIPPON STEEL CORPORATION,220,C,制造业,Manufacturing,no_complete_scope123_total_in_current_published_graph,true,true,true,true,true,true,回到企业报告核证页或排放表逐项核验 Scope 1、selected Scope 2、Scope 3、年份、单位和边界
r221_deere,DEERE,221,C,制造业,Manufacturing,no_complete_scope123_total_in_current_published_graph,true,true,true,true,true,true,回到企业报告核证页或排放表逐项核验 Scope 1、selected Scope 2、Scope 3、年份、单位和边界
r223_stonex集团,StoneX,223,J,金融业,Finance,no_complete_scope123_total_in_current_published_graph,true,true,true,true,true,true,回到企业报告核证页或排放表逐项核验 Scope 1、selected Scope 2、Scope 3、年份、单位和边界
r224_zurichinsurancegroup,ZURICH INSURANCE GROUP,224,J,金融业,Finance,partial_strong_evidence_total_excluded_from_complete_scope123_ranking,true,true,false,false,false,false,补齐缺失 Scope 或 Scope 2 方法后再入完整主榜
r225_bouygues,BOUYGUES,225,E,建筑业,Construction,no_complete_scope123_total_in_current_published_graph,true,true,true,true,true,true,回到企业报告核证页或排放表逐项核验 Scope 1、selected Scope 2、Scope 3、年份、单位和边界
r226_mizuhofinancialgroup,MIZUHO FINANCIAL GROUP,226,J,金融业,Finance,no_complete_scope123_total_in_current_published_graph,true,true,true,true,true,true,回到企业报告核证页或排放表逐项核验 Scope 1、selected Scope 2、Scope 3、年份、单位和边界
r227_daimlertruckholding,DAIMLER TRUCK HOLDING,227,C,制造业,Manufacturing,no_complete_scope123_total_in_current_published_graph,true,true,true,true,true,true,回到企业报告核证页或排放表逐项核验 Scope 1、selected Scope 2、Scope 3、年份、单位和边界
r228_inggroup,ING GROUP,228,J,金融业,Finance,no_complete_scope123_total_in_current_published_graph,true,true,true,true,true,true,回到企业报告核证页或排放表逐项核验 Scope 1、selected Scope 2、Scope 3、年份、单位和边界
r230_bungeglobal,BUNGE GLOBAL,230,C,制造业,Manufacturing,partial_strong_evidence_total_excluded_from_complete_scope123_ranking,false,false,true,false,false,true,补齐缺失 Scope 或 Scope 2 方法后再入完整主榜
r231_anheuserbuschinbev,ANHEUSER-BUSCH INBEV,231,C,制造业,Manufacturing,no_complete_scope123_total_in_current_published_graph,true,true,true,true,true,true,回到企业报告核证页或排放表逐项核验 Scope 1、selected Scope 2、Scope 3、年份、单位和边界
r234_panasonicholdings,PANASONIC HOLDINGS,234,C,制造业,Manufacturing,partial_strong_evidence_total_excluded_from_complete_scope123_ranking,false,true,true,false,false,true,补齐缺失 Scope 或 Scope 2 方法后再入完整主榜
r235_conocophillips,CONOCOPHILLIPS,235,B,采矿业,Mining,partial_strong_evidence_total_excluded_from_complete_scope123_ranking,true,false,true,false,false,true,补齐缺失 Scope 或 Scope 2 方法后再入完整主榜
r236_pfizer,PFIZER,236,C,制造业,Manufacturing,no_complete_scope123_total_in_current_published_graph,true,true,true,true,true,true,回到企业报告核证页或排放表逐项核验 Scope 1、selected Scope 2、Scope 3、年份、单位和边界
r237_deltaairlines,DELTA AIR LINES,237,G,交通运输、仓储和邮政业,"Transport, Storage and Post",no_complete_scope123_total_in_current_published_graph,true,true,true,true,true,true,回到企业报告核证页或排放表逐项核验 Scope 1、selected Scope 2、Scope 3、年份、单位和边界
r241_tdsynnex公司,TD Synnex,241,F,批发和零售业,Wholesale and Retail Trade,no_complete_scope123_total_in_current_published_graph,true,true,true,true,true,true,回到企业报告核证页或排放表逐项核验 Scope 1、selected Scope 2、Scope 3、年份、单位和边界
r244_allstate,ALLSTATE,244,J,金融业,Finance,no_complete_scope123_total_in_current_published_graph,true,true,true,true,true,true,回到企业报告核证页或排放表逐项核验 Scope 1、selected Scope 2、Scope 3、年份、单位和边界
r246_ciscosystems,CISCO SYSTEMS,246,C,制造业,Manufacturing,no_complete_scope123_total_in_current_published_graph,true,true,true,true,true,true,回到企业报告核证页或排放表逐项核验 Scope 1、selected Scope 2、Scope 3、年份、单位和边界
r247_repsol,REPSOL,247,C,制造业,Manufacturing,no_complete_scope123_total_in_current_published_graph,true,true,true,true,true,true,回到企业报告核证页或排放表逐项核验 Scope 1、selected Scope 2、Scope 3、年份、单位和边界
r248_lenovogroup,LENOVO GROUP,248,C,制造业,Manufacturing,no_complete_scope123_total_in_current_published_graph,true,true,true,true,true,true,回到企业报告核证页或排放表逐项核验 Scope 1、selected Scope 2、Scope 3、年份、单位和边界
r250_contemporaryamperextechnology,CONTEMPORARY AMPEREX TECHNOLOGY,250,C,制造业,Manufacturing,no_complete_scope123_total_in_current_published_graph,true,true,true,true,true,true,回到企业报告核证页或排放表逐项核验 Scope 1、selected Scope 2、Scope 3、年份、单位和边界
r251_renault,RENAULT,251,C,制造业,Manufacturing,no_complete_scope123_total_in_current_published_graph,true,true,true,true,true,true,回到企业报告核证页或排放表逐项核验 Scope 1、selected Scope 2、Scope 3、年份、单位和边界
r252_bancobradesco,BANCO BRADESCO,252,J,金融业,Finance,partial_strong_evidence_total_excluded_from_complete_scope123_ranking,false,true,true,false,false,true,补齐缺失 Scope 或 Scope 2 方法后再入完整主榜
r255_chartercommunications,CHARTER COMMUNICATIONS,255,I,信息传输、软件和信息技术服务业,"Information Transmission, Software and Information Technology Services",no_complete_scope123_total_in_current_published_graph,true,true,true,true,true,true,回到企业报告核证页或排放表逐项核验 Scope 1、selected Scope 2、Scope 3、年份、单位和边界
r257_edekazentrale,EDEKA ZENTRALE,257,F,批发和零售业,Wholesale and Retail Trade,no_complete_scope123_total_in_current_published_graph,true,true,true,true,true,true,回到企业报告核证页或排放表逐项核验 Scope 1、selected Scope 2、Scope 3、年份、单位和边界
r258_bharatpetroleum,BHARAT PETROLEUM,258,D,电力、热力、燃气及水生产和供应业,"Electricity, Heat, Gas and Water Production and Supply",no_complete_scope123_total_in_current_published_graph,true,true,true,true,true,true,回到企业报告核证页或排放表逐项核验 Scope 1、selected Scope 2、Scope 3、年份、单位和边界
r259_abbvie,ABBVIE,259,C,制造业,Manufacturing,no_complete_scope123_total_in_current_published_graph,true,true,true,true,true,true,回到企业报告核证页或排放表逐项核验 Scope 1、selected Scope 2、Scope 3、年份、单位和边界
r262_tjx公司,TJX,262,F,批发和零售业,Wholesale and Retail Trade,partial_strong_evidence_total_excluded_from_complete_scope123_ranking,false,true,true,false,false,true,补齐缺失 Scope 或 Scope 2 方法后再入完整主榜
r263_novartis,NOVARTIS,263,C,制造业,Manufacturing,partial_strong_evidence_total_excluded_from_complete_scope123_ranking,true,false,true,false,false,true,补齐缺失 Scope 或 Scope 2 方法后再入完整主榜
r264_riotintogroup,RIO TINTO GROUP,264,B,采矿业,Mining,partial_strong_evidence_total_excluded_from_complete_scope123_ranking,true,true,false,false,false,false,补齐缺失 Scope 或 Scope 2 方法后再入完整主榜
r266_prudentialfinancial,PRUDENTIAL FINANCIAL,266,J,金融业,Finance,partial_strong_evidence_total_excluded_from_complete_scope123_ranking,false,false,false,false,false,false,补齐缺失 Scope 或 Scope 2 方法后再入完整主榜
r268_bhpgroup,BHP GROUP,268,B,采矿业,Mining,partial_strong_evidence_total_excluded_from_complete_scope123_ranking,true,true,false,false,false,false,补齐缺失 Scope 或 Scope 2 方法后再入完整主榜
r269_hp,HP,269,C,制造业,Manufacturing,partial_strong_evidence_total_excluded_from_complete_scope123_ranking,false,true,true,false,false,true,补齐缺失 Scope 或 Scope 2 方法后再入完整主榜
r271_tatamotors,TATA MOTORS,271,C,制造业,Manufacturing,no_complete_scope123_total_in_current_published_graph,true,true,true,true,true,true,回到企业报告核证页或排放表逐项核验 Scope 1、selected Scope 2、Scope 3、年份、单位和边界
r272_performancefoodgroup公司,Performance Food Group,272,F,批发和零售业,Wholesale and Retail Trade,no_complete_scope123_total_in_current_published_graph,true,true,true,true,true,true,回到企业报告核证页或排放表逐项核验 Scope 1、selected Scope 2、Scope 3、年份、单位和边界
r273_iberdrola公司,Iberdrola,273,I,信息传输、软件和信息技术服务业,"Information Transmission, Software and Information Technology Services",no_complete_scope123_total_in_current_published_graph,true,true,true,true,true,true,回到企业报告核证页或排放表逐项核验 Scope 1、selected Scope 2、Scope 3、年份、单位和边界
r275_idemitsukosan,IDEMITSU KOSAN,275,D,电力、热力、燃气及水生产和供应业,"Electricity, Heat, Gas and Water Production and Supply",no_complete_scope123_total_in_current_published_graph,true,true,true,true,true,true,回到企业报告核证页或排放表逐项核验 Scope 1、selected Scope 2、Scope 3、年份、单位和边界
r282_volvo,VOLVO,282,C,制造业,Manufacturing,no_complete_scope123_total_in_current_published_graph,true,true,true,true,true,true,回到企业报告核证页或排放表逐项核验 Scope 1、selected Scope 2、Scope 3、年份、单位和边界
r283_intesasanpaolo,INTESA SANPAOLO,283,J,金融业,Finance,partial_strong_evidence_total_excluded_from_complete_scope123_ranking,false,false,true,false,false,true,补齐缺失 Scope 或 Scope 2 方法后再入完整主榜
r286_bayer,BAYER,286,C,制造业,Manufacturing,no_complete_scope123_total_in_current_published_graph,true,true,true,true,true,true,回到企业报告核证页或排放表逐项核验 Scope 1、selected Scope 2、Scope 3、年份、单位和边界
r287_tokiomarineholdings,TOKIO MARINE HOLDINGS,287,J,金融业,Finance,no_complete_scope123_total_in_current_published_graph,true,true,true,true,true,true,回到企业报告核证页或排放表逐项核验 Scope 1、selected Scope 2、Scope 3、年份、单位和边界
r289_maerskgroup,MAERSK GROUP,289,C,制造业,Manufacturing,partial_strong_evidence_total_excluded_from_complete_scope123_ranking,true,false,true,false,false,true,补齐缺失 Scope 或 Scope 2 方法后再入完整主榜
r290_phoenixpharma,PHOENIX PHARMA,290,F,批发和零售业,Wholesale and Retail Trade,no_complete_scope123_total_in_current_published_graph,true,true,true,true,true,true,回到企业报告核证页或排放表逐项核验 Scope 1、selected Scope 2、Scope 3、年份、单位和边界
r294_bankofmontreal,BANK OF MONTREAL,294,J,金融业,Finance,no_complete_scope123_total_in_current_published_graph,true,true,true,true,true,true,回到企业报告核证页或排放表逐项核验 Scope 1、selected Scope 2、Scope 3、年份、单位和边界
r295_zffriedrichshafen,ZF FRIEDRICHSHAFEN,295,C,制造业,Manufacturing,no_complete_scope123_total_in_current_published_graph,true,true,true,true,true,true,回到企业报告核证页或排放表逐项核验 Scope 1、selected Scope 2、Scope 3、年份、单位和边界
r298_marubeni,MARUBENI,298,L,租赁和商务服务业,Leasing and Business Services,no_complete_scope123_total_in_current_published_graph,true,true,true,true,true,true,回到企业报告核证页或排放表逐项核验 Scope 1、selected Scope 2、Scope 3、年份、单位和边界
r301_swissre,SWISS RE,301,J,金融业,Finance,partial_strong_evidence_total_excluded_from_complete_scope123_ranking,true,true,false,false,false,false,补齐缺失 Scope 或 Scope 2 方法后再入完整主榜
r302_chubb,CHUBB,302,J,金融业,Finance,no_complete_scope123_total_in_current_published_graph,true,true,true,true,true,true,回到企业报告核证页或排放表逐项核验 Scope 1、selected Scope 2、Scope 3、年份、单位和边界
r305_denso,DENSO,305,C,制造业,Manufacturing,no_complete_scope123_total_in_current_published_graph,true,true,true,true,true,true,回到企业报告核证页或排放表逐项核验 Scope 1、selected Scope 2、Scope 3、年份、单位和边界
r308_veoliaenvironnement,VEOLIA ENVIRONNEMENT,308,I,信息传输、软件和信息技术服务业,"Information Transmission, Software and Information Technology Services",no_complete_scope123_total_in_current_published_graph,true,true,true,true,true,true,回到企业报告核证页或排放表逐项核验 Scope 1、selected Scope 2、Scope 3、年份、单位和边界
r310_vodafonegroup,VODAFONE GROUP,310,I,信息传输、软件和信息技术服务业,"Information Transmission, Software and Information Technology Services",no_complete_scope123_total_in_current_published_graph,true,true,true,true,true,true,回到企业报告核证页或排放表逐项核验 Scope 1、selected Scope 2、Scope 3、年份、单位和边界
r311_plainsgpholdings公司,Plains GP Holdings,311,G,交通运输、仓储和邮政业,"Transport, Storage and Post",no_complete_scope123_total_in_current_published_graph,true,true,true,true,true,true,回到企业报告核证页或排放表逐项核验 Scope 1、selected Scope 2、Scope 3、年份、单位和边界
r313_exor集团,EXOR,313,J,金融业,Finance,no_complete_scope123_total_in_current_published_graph,true,true,true,true,true,true,回到企业报告核证页或排放表逐项核验 Scope 1、selected Scope 2、Scope 3、年份、单位和边界
r317_tokyoelectricpower,TOKYO ELECTRIC POWER,317,D,电力、热力、燃气及水生产和供应业,"Electricity, Heat, Gas and Water Production and Supply",partial_strong_evidence_total_excluded_from_complete_scope123_ranking,false,true,true,false,false,true,补齐缺失 Scope 或 Scope 2 方法后再入完整主榜
r318_sumitomo,SUMITOMO,318,L,租赁和商务服务业,Leasing and Business Services,no_complete_scope123_total_in_current_published_graph,true,true,true,true,true,true,回到企业报告核证页或排放表逐项核验 Scope 1、selected Scope 2、Scope 3、年份、单位和边界
r319_worldkinect公司,World Kinect,319,D,电力、热力、燃气及水生产和供应业,"Electricity, Heat, Gas and Water Production and Supply",no_complete_scope123_total_in_current_published_graph,true,true,true,true,true,true,回到企业报告核证页或排放表逐项核验 Scope 1、selected Scope 2、Scope 3、年份、单位和边界
r320_orange公司,Orange,320,I,信息传输、软件和信息技术服务业,"Information Transmission, Software and Information Technology Services",partial_strong_evidence_total_excluded_from_complete_scope123_ranking,true,true,false,false,false,false,补齐缺失 Scope 或 Scope 2 方法后再入完整主榜
r322_ingkagroup,INGKA GROUP,322,F,批发和零售业,Wholesale and Retail Trade,no_complete_scope123_total_in_current_published_graph,true,true,true,true,true,true,回到企业报告核证页或排放表逐项核验 Scope 1、selected Scope 2、Scope 3、年份、单位和边界
r323_anzgroupholdings,ANZ GROUP HOLDINGS,323,J,金融业,Finance,no_complete_scope123_total_in_current_published_graph,true,true,true,true,true,true,回到企业报告核证页或排放表逐项核验 Scope 1、selected Scope 2、Scope 3、年份、单位和边界
r324_americaninternationalgroup,AMERICAN INTERNATIONAL GROUP,324,J,金融业,Finance,no_complete_scope123_total_in_current_published_graph,true,true,true,true,true,true,回到企业报告核证页或排放表逐项核验 Scope 1、selected Scope 2、Scope 3、年份、单位和边界
r326_sinomach,SINOMACH,326,C,制造业,Manufacturing,no_complete_scope123_total_in_current_published_graph,true,true,true,true,true,true,回到企业报告核证页或排放表逐项核验 Scope 1、selected Scope 2、Scope 3、年份、单位和边界
r329_astrazeneca,ASTRAZENECA,329,C,制造业,Manufacturing,no_complete_scope123_total_in_current_published_graph,true,true,true,true,true,true,回到企业报告核证页或排放表逐项核验 Scope 1、selected Scope 2、Scope 3、年份、单位和边界
r333_tiaa,TIAA,333,J,金融业,Finance,no_complete_scope123_total_in_current_published_graph,true,true,true,true,true,true,回到企业报告核证页或排放表逐项核验 Scope 1、selected Scope 2、Scope 3、年份、单位和边界
r334_caixaeconômicafederal,CAIXA ECONÔMICA FEDERAL,334,J,金融业,Finance,no_complete_scope123_total_in_current_published_graph,true,true,true,true,true,true,回到企业报告核证页或排放表逐项核验 Scope 1、selected Scope 2、Scope 3、年份、单位和边界
r335_chs公司,CHS,335,C,制造业,Manufacturing,no_complete_scope123_total_in_current_published_graph,true,true,true,true,true,true,回到企业报告核证页或排放表逐项核验 Scope 1、selected Scope 2、Scope 3、年份、单位和边界
r339_hyundaimobis,HYUNDAI MOBIS,339,C,制造业,Manufacturing,no_complete_scope123_total_in_current_published_graph,true,true,true,true,true,true,回到企业报告核证页或排放表逐项核验 Scope 1、selected Scope 2、Scope 3、年份、单位和边界
r342_bristolmyerssquibb,BRISTOL-MYERS SQUIBB,342,C,制造业,Manufacturing,no_complete_scope123_total_in_current_published_graph,true,true,true,true,true,true,回到企业报告核证页或排放表逐项核验 Scope 1、selected Scope 2、Scope 3、年份、单位和边界
r344_continental,CONTINENTAL,344,C,制造业,Manufacturing,no_complete_scope123_total_in_current_published_graph,true,true,true,true,true,true,回到企业报告核证页或排放表逐项核验 Scope 1、selected Scope 2、Scope 3、年份、单位和边界
r345_raízen公司,Raízen,345,D,电力、热力、燃气及水生产和供应业,"Electricity, Heat, Gas and Water Production and Supply",partial_strong_evidence_total_excluded_from_complete_scope123_ranking,false,true,true,false,false,true,补齐缺失 Scope 或 Scope 2 方法后再入完整主榜
r346_dow,DOW,346,C,制造业,Manufacturing,no_complete_scope123_total_in_current_published_graph,true,true,true,true,true,true,回到企业报告核证页或排放表逐项核验 Scope 1、selected Scope 2、Scope 3、年份、单位和边界
r348_loréal,L'ORÉAL,348,C,制造业,Manufacturing,no_complete_scope123_total_in_current_published_graph,true,true,true,true,true,true,回到企业报告核证页或排放表逐项核验 Scope 1、selected Scope 2、Scope 3、年份、单位和边界
r349_fomentoeconómicomexicano公司,Fomento Económico Mexicano,349,C,制造业,Manufacturing,no_complete_scope123_total_in_current_published_graph,true,true,true,true,true,true,回到企业报告核证页或排放表逐项核验 Scope 1、selected Scope 2、Scope 3、年份、单位和边界
r353_woolworthsgroup,WOOLWORTHS GROUP,353,F,批发和零售业,Wholesale and Retail Trade,no_complete_scope123_total_in_current_published_graph,true,true,true,true,true,true,回到企业报告核证页或排放表逐项核验 Scope 1、selected Scope 2、Scope 3、年份、单位和边界
r356_thermofisherscientific,THERMO FISHER SCIENTIFIC,356,C,制造业,Manufacturing,partial_strong_evidence_total_excluded_from_complete_scope123_ranking,false,true,true,false,false,true,补齐缺失 Scope 或 Scope 2 方法后再入完整主榜
r357_magnainternational,MAGNA INTERNATIONAL,357,C,制造业,Manufacturing,partial_strong_evidence_total_excluded_from_complete_scope123_ranking,false,false,false,false,false,false,补齐缺失 Scope 或 Scope 2 方法后再入完整主榜
r358_omvgroup,OMV GROUP,358,C,制造业,Manufacturing,no_complete_scope123_total_in_current_published_graph,true,true,true,true,true,true,回到企业报告核证页或排放表逐项核验 Scope 1、selected Scope 2、Scope 3、年份、单位和边界
r359_massachusettsmutuallifeinsurance,MASSACHUSETTS MUTUAL LIFE INSURANCE,359,J,金融业,Finance,no_complete_scope123_total_in_current_published_graph,true,true,true,true,true,true,回到企业报告核证页或排放表逐项核验 Scope 1、selected Scope 2、Scope 3、年份、单位和边界
r363_vale,VALE,363,B,采矿业,Mining,no_complete_scope123_total_in_current_published_graph,true,true,true,true,true,true,回到企业报告核证页或排放表逐项核验 Scope 1、selected Scope 2、Scope 3、年份、单位和边界
r365_travelers公司,Travelers,365,J,金融业,Finance,no_complete_scope123_total_in_current_published_graph,true,true,true,true,true,true,回到企业报告核证页或排放表逐项核验 Scope 1、selected Scope 2、Scope 3、年份、单位和边界
r366_warnerbrosdiscovery,WARNER BROS. DISCOVERY,366,R,文化、体育和娱乐业,"Culture, Sports and Entertainment",partial_strong_evidence_total_excluded_from_complete_scope123_ranking,true,true,false,false,false,false,补齐缺失 Scope 或 Scope 2 方法后再入完整主榜
r367_canadianimperialbankofcommerce,CANADIAN IMPERIAL BANK OF COMMERCE,367,J,金融业,Finance,no_complete_scope123_total_in_current_published_graph,true,true,true,true,true,true,回到企业报告核证页或排放表逐项核验 Scope 1、selected Scope 2、Scope 3、年份、单位和边界
r368_lyondellbasellindustries,LYONDELLBASELL INDUSTRIES,368,C,制造业,Manufacturing,no_complete_scope123_total_in_current_published_graph,true,true,true,true,true,true,回到企业报告核证页或排放表逐项核验 Scope 1、selected Scope 2、Scope 3、年份、单位和边界
r369_jsainsbury,J. SAINSBURY,369,F,批发和零售业,Wholesale and Retail Trade,partial_strong_evidence_total_excluded_from_complete_scope123_ranking,true,true,false,false,false,false,补齐缺失 Scope 或 Scope 2 方法后再入完整主榜
r375_pegatron,PEGATRON,375,C,制造业,Manufacturing,no_complete_scope123_total_in_current_published_graph,true,true,true,true,true,true,回到企业报告核证页或排放表逐项核验 Scope 1、selected Scope 2、Scope 3、年份、单位和边界
r376_abbottlaboratories,ABBOTT LABORATORIES,376,C,制造业,Manufacturing,partial_strong_evidence_total_excluded_from_complete_scope123_ranking,true,true,false,false,false,false,补齐缺失 Scope 或 Scope 2 方法后再入完整主榜
r379_日本kddi电信公司,KDDI,379,I,信息传输、软件和信息技术服务业,"Information Transmission, Software and Information Technology Services",no_complete_scope123_total_in_current_published_graph,true,true,true,true,true,true,回到企业报告核证页或排放表逐项核验 Scope 1、selected Scope 2、Scope 3、年份、单位和边界
r384_meituan,MEITUAN,384,F,批发和零售业,Wholesale and Retail Trade,no_complete_scope123_total_in_current_published_graph,true,true,true,true,true,true,回到企业报告核证页或排放表逐项核验 Scope 1、selected Scope 2、Scope 3、年份、单位和边界
r386_inditex公司,Inditex,386,F,批发和零售业,Wholesale and Retail Trade,no_complete_scope123_total_in_current_published_graph,true,true,true,true,true,true,回到企业报告核证页或排放表逐项核验 Scope 1、selected Scope 2、Scope 3、年份、单位和边界
r387_schneiderelectric,SCHNEIDER ELECTRIC,387,C,制造业,Manufacturing,partial_strong_evidence_total_excluded_from_complete_scope123_ranking,false,true,true,false,false,true,补齐缺失 Scope 或 Scope 2 方法后再入完整主榜
r388_northwesternmutual,NORTHWESTERN MUTUAL,388,J,金融业,Finance,no_complete_scope123_total_in_current_published_graph,true,true,true,true,true,true,回到企业报告核证页或排放表逐项核验 Scope 1、selected Scope 2、Scope 3、年份、单位和边界
r391_西班牙acs集团,ACS Group,391,E,建筑业,Construction,no_complete_scope123_total_in_current_published_graph,true,true,true,true,true,true,回到企业报告核证页或排放表逐项核验 Scope 1、selected Scope 2、Scope 3、年份、单位和边界
r395_pbfenergy公司,PBF Energy,395,D,电力、热力、燃气及水生产和供应业,"Electricity, Heat, Gas and Water Production and Supply",partial_strong_evidence_total_excluded_from_complete_scope123_ranking,false,false,true,false,false,true,补齐缺失 Scope 或 Scope 2 方法后再入完整主榜
r396_standardchartered,STANDARD CHARTERED,396,J,金融业,Finance,no_complete_scope123_total_in_current_published_graph,true,true,true,true,true,true,回到企业报告核证页或排放表逐项核验 Scope 1、selected Scope 2、Scope 3、年份、单位和边界
r397_xiaomi,XIAOMI,397,C,制造业,Manufacturing,no_complete_scope123_total_in_current_published_graph,true,true,true,true,true,true,回到企业报告核证页或排放表逐项核验 Scope 1、selected Scope 2、Scope 3、年份、单位和边界
r398_compassgroup,COMPASS GROUP,398,H,住宿和餐饮业,Accommodation and Catering,partial_strong_evidence_total_excluded_from_complete_scope123_ranking,true,true,false,false,false,false,补齐缺失 Scope 或 Scope 2 方法后再入完整主榜
r399_meijiyasudalifeinsurance,MEIJI YASUDA LIFE INSURANCE,399,J,金融业,Finance,no_complete_scope123_total_in_current_published_graph,true,true,true,true,true,true,回到企业报告核证页或排放表逐项核验 Scope 1、selected Scope 2、Scope 3、年份、单位和边界
r400_gsk,GSK,400,C,制造业,Manufacturing,no_complete_scope123_total_in_current_published_graph,true,true,true,true,true,true,回到企业报告核证页或排放表逐项核验 Scope 1、selected Scope 2、Scope 3、年份、单位和边界
r401_suncorenergy,SUNCOR ENERGY,401,B,采矿业,Mining,partial_strong_evidence_total_excluded_from_complete_scope123_ranking,true,false,true,false,false,true,补齐缺失 Scope 或 Scope 2 方法后再入完整主榜
r403_ubertechnologies公司,Uber Technologies,403,I,信息传输、软件和信息技术服务业,"Information Transmission, Software and Information Technology Services",partial_strong_evidence_total_excluded_from_complete_scope123_ranking,false,false,true,false,false,true,补齐缺失 Scope 或 Scope 2 方法后再入完整主榜
r406_suzukimotor,SUZUKI MOTOR,406,C,制造业,Manufacturing,no_complete_scope123_total_in_current_published_graph,true,true,true,true,true,true,回到企业报告核证页或排放表逐项核验 Scope 1、selected Scope 2、Scope 3、年份、单位和边界
r407_haiersmarthome,HAIER SMART HOME,407,C,制造业,Manufacturing,no_complete_scope123_total_in_current_published_graph,true,true,true,true,true,true,回到企业报告核证页或排放表逐项核验 Scope 1、selected Scope 2、Scope 3、年份、单位和边界
r409_laposte,LA POSTE,409,G,交通运输、仓储和邮政业,"Transport, Storage and Post",no_complete_scope123_total_in_current_published_graph,true,true,true,true,true,true,回到企业报告核证页或排放表逐项核验 Scope 1、selected Scope 2、Scope 3、年份、单位和边界
r413_honeywellinternational,HONEYWELL INTERNATIONAL,413,C,制造业,Manufacturing,no_complete_scope123_total_in_current_published_graph,true,true,true,true,true,true,回到企业报告核证页或排放表逐项核验 Scope 1、selected Scope 2、Scope 3、年份、单位和边界
r415_sfholding,S.F. HOLDING,415,G,交通运输、仓储和邮政业,"Transport, Storage and Post",no_complete_scope123_total_in_current_published_graph,true,true,true,true,true,true,回到企业报告核证页或排放表逐项核验 Scope 1、selected Scope 2、Scope 3、年份、单位和边界
r416_mitsubishielectric,MITSUBISHI ELECTRIC,416,C,制造业,Manufacturing,no_complete_scope123_total_in_current_published_graph,true,true,true,true,true,true,回到企业报告核证页或排放表逐项核验 Scope 1、selected Scope 2、Scope 3、年份、单位和边界
r418_chinadatang,CHINA DATANG,418,D,电力、热力、燃气及水生产和供应业,"Electricity, Heat, Gas and Water Production and Supply",no_complete_scope123_total_in_current_published_graph,true,true,true,true,true,true,回到企业报告核证页或排放表逐项核验 Scope 1、selected Scope 2、Scope 3、年份、单位和边界
r421_jardinematheson,JARDINE MATHESON,421,L,租赁和商务服务业,Leasing and Business Services,partial_strong_evidence_total_excluded_from_complete_scope123_ranking,false,false,true,false,false,true,补齐缺失 Scope 或 Scope 2 方法后再入完整主榜
r422_mondelezinternational,MONDELEZ INTERNATIONAL,422,C,制造业,Manufacturing,no_complete_scope123_total_in_current_published_graph,true,true,true,true,true,true,回到企业报告核证页或排放表逐项核验 Scope 1、selected Scope 2、Scope 3、年份、单位和边界
r423_daiwahouseindustry,DAIWA HOUSE INDUSTRY,423,E,建筑业,Construction,no_complete_scope123_total_in_current_published_graph,true,true,true,true,true,true,回到企业报告核证页或排放表逐项核验 Scope 1、selected Scope 2、Scope 3、年份、单位和边界
r424_starbucks,STARBUCKS,424,H,住宿和餐饮业,Accommodation and Catering,no_complete_scope123_total_in_current_published_graph,true,true,true,true,true,true,回到企业报告核证页或排放表逐项核验 Scope 1、selected Scope 2、Scope 3、年份、单位和边界
r425_olamgroup,OLAM GROUP,425,C,制造业,Manufacturing,no_complete_scope123_total_in_current_published_graph,true,true,true,true,true,true,回到企业报告核证页或排放表逐项核验 Scope 1、selected Scope 2、Scope 3、年份、单位和边界
r426_qualcomm,QUALCOMM,426,I,信息传输、软件和信息技术服务业,"Information Transmission, Software and Information Technology Services",no_complete_scope123_total_in_current_published_graph,true,true,true,true,true,true,回到企业报告核证页或排放表逐项核验 Scope 1、selected Scope 2、Scope 3、年份、单位和边界
r427_broadcom,BROADCOM,427,I,信息传输、软件和信息技术服务业,"Information Transmission, Software and Information Technology Services",partial_strong_evidence_total_excluded_from_complete_scope123_ranking,false,false,true,false,false,true,补齐缺失 Scope 或 Scope 2 方法后再入完整主榜
r428_jfeholdings,JFE HOLDINGS,428,C,制造业,Manufacturing,no_complete_scope123_total_in_current_published_graph,true,true,true,true,true,true,回到企业报告核证页或排放表逐项核验 Scope 1、selected Scope 2、Scope 3、年份、单位和边界
r431_elo集团,ELO,431,F,批发和零售业,Wholesale and Retail Trade,partial_strong_evidence_total_excluded_from_complete_scope123_ranking,false,false,true,false,false,true,补齐缺失 Scope 或 Scope 2 方法后再入完整主榜
r433_mercadona公司,Mercadona,433,F,批发和零售业,Wholesale and Retail Trade,no_complete_scope123_total_in_current_published_graph,true,true,true,true,true,true,回到企业报告核证页或排放表逐项核验 Scope 1、selected Scope 2、Scope 3、年份、单位和边界
r434_drhorton公司,D.R. Horton,434,E,建筑业,Construction,partial_strong_evidence_total_excluded_from_complete_scope123_ranking,false,false,true,false,false,true,补齐缺失 Scope 或 Scope 2 方法后再入完整主榜
r440_philipmorrisinternational,PHILIP MORRIS INTERNATIONAL,440,C,制造业,Manufacturing,no_complete_scope123_total_in_current_published_graph,true,true,true,true,true,true,回到企业报告核证页或排放表逐项核验 Scope 1、selected Scope 2、Scope 3、年份、单位和边界
r441_paccar,PACCAR,441,C,制造业,Manufacturing,no_complete_scope123_total_in_current_published_graph,true,true,true,true,true,true,回到企业报告核证页或排放表逐项核验 Scope 1、selected Scope 2、Scope 3、年份、单位和边界
r443_crh公司,CRH,443,C,制造业,Manufacturing,partial_strong_evidence_total_excluded_from_complete_scope123_ranking,false,true,true,false,false,true,补齐缺失 Scope 或 Scope 2 方法后再入完整主榜
r444_quantacomputer,QUANTA COMPUTER,444,C,制造业,Manufacturing,no_complete_scope123_total_in_current_published_graph,true,true,true,true,true,true,回到企业报告核证页或排放表逐项核验 Scope 1、selected Scope 2、Scope 3、年份、单位和边界
r445_salesforce,SALESFORCE,445,I,信息传输、软件和信息技术服务业,"Information Transmission, Software and Information Technology Services",no_complete_scope123_total_in_current_published_graph,true,true,true,true,true,true,回到企业报告核证页或排放表逐项核验 Scope 1、selected Scope 2、Scope 3、年份、单位和边界
r446_aiagroup,AIA GROUP,446,J,金融业,Finance,no_complete_scope123_total_in_current_published_graph,true,true,true,true,true,true,回到企业报告核证页或排放表逐项核验 Scope 1、selected Scope 2、Scope 3、年份、单位和边界
r448_jabil,JABIL,448,C,制造业,Manufacturing,no_complete_scope123_total_in_current_published_graph,true,true,true,true,true,true,回到企业报告核证页或排放表逐项核验 Scope 1、selected Scope 2、Scope 3、年份、单位和边界
r449_nationalaustraliabank,NATIONAL AUSTRALIA BANK,449,J,金融业,Finance,no_complete_scope123_total_in_current_published_graph,true,true,true,true,true,true,回到企业报告核证页或排放表逐项核验 Scope 1、selected Scope 2、Scope 3、年份、单位和边界
r450_sap公司,SAP,450,I,信息传输、软件和信息技术服务业,"Information Transmission, Software and Information Technology Services",partial_strong_evidence_total_excluded_from_complete_scope123_ranking,true,true,false,false,false,false,补齐缺失 Scope 或 Scope 2 方法后再入完整主榜
r451_crrcgroup,CRRC GROUP,451,C,制造业,Manufacturing,no_complete_scope123_total_in_current_published_graph,true,true,true,true,true,true,回到企业报告核证页或排放表逐项核验 Scope 1、selected Scope 2、Scope 3、年份、单位和边界
r453_lennar,LENNAR,453,E,建筑业,Construction,no_complete_scope123_total_in_current_published_graph,true,true,true,true,true,true,回到企业报告核证页或排放表逐项核验 Scope 1、selected Scope 2、Scope 3、年份、单位和边界
r454_sompoholdings,SOMPO HOLDINGS,454,J,金融业,Finance,no_complete_scope123_total_in_current_published_graph,true,true,true,true,true,true,回到企业报告核证页或排放表逐项核验 Scope 1、selected Scope 2、Scope 3、年份、单位和边界
r455_elililly,ELI LILLY,455,C,制造业,Manufacturing,partial_strong_evidence_total_excluded_from_complete_scope123_ranking,true,true,false,false,false,false,补齐缺失 Scope 或 Scope 2 方法后再入完整主榜
r456_koreagas,KOREA GAS,456,D,电力、热力、燃气及水生产和供应业,"Electricity, Heat, Gas and Water Production and Supply",no_complete_scope123_total_in_current_published_graph,true,true,true,true,true,true,回到企业报告核证页或排放表逐项核验 Scope 1、selected Scope 2、Scope 3、年份、单位和边界
r457_molinahealthcare公司,Molina Healthcare,457,J,金融业,Finance,no_complete_scope123_total_in_current_published_graph,true,true,true,true,true,true,回到企业报告核证页或排放表逐项核验 Scope 1、selected Scope 2、Scope 3、年份、单位和边界
r459_cummins,CUMMINS,459,C,制造业,Manufacturing,no_complete_scope123_total_in_current_published_graph,true,true,true,true,true,true,回到企业报告核证页或排放表逐项核验 Scope 1、selected Scope 2、Scope 3、年份、单位和边界
r461_rabobankgroup,RABOBANK GROUP,461,J,金融业,Finance,no_complete_scope123_total_in_current_published_graph,true,true,true,true,true,true,回到企业报告核证页或排放表逐项核验 Scope 1、selected Scope 2、Scope 3、年份、单位和边界
r462_aisin,AISIN,462,C,制造业,Manufacturing,no_complete_scope123_total_in_current_published_graph,true,true,true,true,true,true,回到企业报告核证页或排放表逐项核验 Scope 1、selected Scope 2、Scope 3、年份、单位和边界
r463_rajeshexports公司,Rajesh Exports,463,L,租赁和商务服务业,Leasing and Business Services,no_complete_scope123_total_in_current_published_graph,true,true,true,true,true,true,回到企业报告核证页或排放表逐项核验 Scope 1、selected Scope 2、Scope 3、年份、单位和边界
r464_britishamericantobacco,BRITISH AMERICAN TOBACCO,464,C,制造业,Manufacturing,partial_strong_evidence_total_excluded_from_complete_scope123_ranking,false,true,true,false,false,true,补齐缺失 Scope 或 Scope 2 方法后再入完整主榜
r466_bankofnewyorkmellon,BANK OF NEW YORK MELLON,466,J,金融业,Finance,no_complete_scope123_total_in_current_published_graph,true,true,true,true,true,true,回到企业报告核证页或排放表逐项核验 Scope 1、selected Scope 2、Scope 3、年份、单位和边界
r469_novonordisk,NOVO NORDISK,469,C,制造业,Manufacturing,no_complete_scope123_total_in_current_published_graph,true,true,true,true,true,true,回到企业报告核证页或排放表逐项核验 Scope 1、selected Scope 2、Scope 3、年份、单位和边界
r473_vtbbank,VTB BANK,473,J,金融业,Finance,no_complete_scope123_total_in_current_published_graph,true,true,true,true,true,true,回到企业报告核证页或排放表逐项核验 Scope 1、selected Scope 2、Scope 3、年份、单位和边界
r474_mazdamotor,MAZDA MOTOR,474,C,制造业,Manufacturing,no_complete_scope123_total_in_current_published_graph,true,true,true,true,true,true,回到企业报告核证页或排放表逐项核验 Scope 1、selected Scope 2、Scope 3、年份、单位和边界
r477_truistfinancial公司,Truist Financial,477,J,金融业,Finance,no_complete_scope123_total_in_current_published_graph,true,true,true,true,true,true,回到企业报告核证页或排放表逐项核验 Scope 1、selected Scope 2、Scope 3、年份、单位和边界
r478_siemensenergy,SIEMENS ENERGY,478,D,电力、热力、燃气及水生产和供应业,"Electricity, Heat, Gas and Water Production and Supply",no_complete_scope123_total_in_current_published_graph,true,true,true,true,true,true,回到企业报告核证页或排放表逐项核验 Scope 1、selected Scope 2、Scope 3、年份、单位和边界
r479_schlumberger,SCHLUMBERGER,479,B,采矿业,Mining,no_complete_scope123_total_in_current_published_graph,true,true,true,true,true,true,回到企业报告核证页或排放表逐项核验 Scope 1、selected Scope 2、Scope 3、年份、单位和边界
r481_arrowelectronics,ARROW ELECTRONICS,481,F,批发和零售业,Wholesale and Retail Trade,no_complete_scope123_total_in_current_published_graph,true,true,true,true,true,true,回到企业报告核证页或排放表逐项核验 Scope 1、selected Scope 2、Scope 3、年份、单位和边界
r482_jerónimomartins公司,Jerónimo Martins,482,F,批发和零售业,Wholesale and Retail Trade,partial_strong_evidence_total_excluded_from_complete_scope123_ranking,false,true,false,false,false,false,补齐缺失 Scope 或 Scope 2 方法后再入完整主榜
r484_commonwealthbankofaustralia,COMMONWEALTH BANK OF AUSTRALIA,484,J,金融业,Finance,no_complete_scope123_total_in_current_published_graph,true,true,true,true,true,true,回到企业报告核证页或排放表逐项核验 Scope 1、selected Scope 2、Scope 3、年份、单位和边界
r485_centrica,CENTRICA,485,D,电力、热力、燃气及水生产和供应业,"Electricity, Heat, Gas and Water Production and Supply",no_complete_scope123_total_in_current_published_graph,true,true,true,true,true,true,回到企业报告核证页或排放表逐项核验 Scope 1、selected Scope 2、Scope 3、年份、单位和边界
r487_heineken,HEINEKEN,487,C,制造业,Manufacturing,partial_strong_evidence_total_excluded_from_complete_scope123_ranking,true,false,false,false,false,false,补齐缺失 Scope 或 Scope 2 方法后再入完整主榜
r489_3m公司,3M,489,C,制造业,Manufacturing,no_complete_scope123_total_in_current_published_graph,true,true,true,true,true,true,回到企业报告核证页或排放表逐项核验 Scope 1、selected Scope 2、Scope 3、年份、单位和边界
r491_apolloglobalmanagement,APOLLO GLOBAL MANAGEMENT,491,J,金融业,Finance,no_complete_scope123_total_in_current_published_graph,true,true,true,true,true,true,回到企业报告核证页或排放表逐项核验 Scope 1、selected Scope 2、Scope 3、年份、单位和边界
r492_emiratesgroup,EMIRATES GROUP,492,G,交通运输、仓储和邮政业,"Transport, Storage and Post",no_complete_scope123_total_in_current_published_graph,true,true,true,true,true,true,回到企业报告核证页或排放表逐项核验 Scope 1、selected Scope 2、Scope 3、年份、单位和边界
r493_vibraenergia公司,Vibra Energia,493,D,电力、热力、燃气及水生产和供应业,"Electricity, Heat, Gas and Water Production and Supply",no_complete_scope123_total_in_current_published_graph,true,true,true,true,true,true,回到企业报告核证页或排放表逐项核验 Scope 1、selected Scope 2、Scope 3、年份、单位和边界
r494_metro,METRO,494,F,批发和零售业,Wholesale and Retail Trade,no_complete_scope123_total_in_current_published_graph,true,true,true,true,true,true,回到企业报告核证页或排放表逐项核验 Scope 1、selected Scope 2、Scope 3、年份、单位和边界
r495_subaru,SUBARU,495,C,制造业,Manufacturing,no_complete_scope123_total_in_current_published_graph,true,true,true,true,true,true,回到企业报告核证页或排放表逐项核验 Scope 1、selected Scope 2、Scope 3、年份、单位和边界
r498_瑞士abb集团,ABB,498,C,制造业,Manufacturing,no_complete_scope123_total_in_current_published_graph,true,true,true,true,true,true,回到企业报告核证页或排放表逐项核验 Scope 1、selected Scope 2、Scope 3、年份、单位和边界
r500_三星candt公司,Samsung C&T,500,E,建筑业,Construction,no_complete_scope123_total_in_current_published_graph,true,true,true,true,true,true,回到企业报告核证页或排放表逐项核验 Scope 1、selected Scope 2、Scope 3、年份、单位和边界
