ledger_id,record_type,decision_bucket,decision_status,evidence_gate,auto_promote_allowed,available_rank,complete_rank,company_id,company_name_en,company_name_zh,world500_rank,industry_section_code,total_mtco2e,scope1_mtco2e,scope2_mtco2e,scope2_method_en,scope3_mtco2e,scope3_boundary_class_en,scope3_boundary_basis_en,selected_evidence_missing_elements,inventory_years,missing_scopes,candidate_scope,candidate_value_mtco2e,candidate_inventory_year,candidate_scope2_method,candidate_evidence_page,candidate_source_file,candidate_repair_priority,p0_review_bucket,p0_all_basic_signals_present,p0_scale_risk_note,safe_use_en,safe_use_zh
EMISSIONS-RANKING-0001,ranking_row_decision,partial_review_excluded,excluded_from_complete_comparable_ranking_until_scope123_gate_passes,missing_scope_or_scope2_method_keeps_total_partial,false,1,,r183_airbus,AIRBUS,空中客车公司,183,C,781.765,468.486,313.279,Market-Based,,,,,2023,Scope 3,,,,,,,,,,,"Review only. Keep this total out of the complete comparable ranking until Scope 1, selected Scope 2 value/method, Scope 3, and finance Scope 3 boundary where applicable all pass the strong-evidence gate.",仅供复核。Scope 1、选定 Scope 2 数值/方法和 Scope 3 全部通过强证据门禁前，不得进入完整可比排行。
EMISSIONS-RANKING-0002,ranking_row_decision,complete_comparable_accepted,accepted_complete_scope123_strong_evidence_total,scope1_selected_scope2_scope3_and_finance_boundary_all_have_strong_evidence,not_applicable,2,,r001_walmart,WALMART,沃尔玛,1,F,652.21,9.03,6.61,Market-Based,636.57,operational_or_value_chain_scope3,Non-finance company selected Scope 3 row; no PCAF/financed-emissions boundary signal required for the ranking gate.,,2024,,,,,,,,,,,,"May enter the complete comparable total-emissions ranking and ranking graph, including explicit finance Scope 3 boundary treatment where applicable.",可进入完整可比企业总排放排行和排行图。
EMISSIONS-RANKING-0003,ranking_row_decision,partial_review_excluded,excluded_from_complete_comparable_ranking_until_scope123_gate_passes,missing_scope_or_scope2_method_keeps_total_partial,false,3,,r264_riotintogroup,RIO TINTO GROUP,力拓集团,264,B,574.6,,,,574.6,operational_or_value_chain_scope3,Non-finance company selected Scope 3 row; no PCAF/financed-emissions boundary signal required for the ranking gate.,,2024,Scope 1 | Scope 2,,,,,,,,,,,"Review only. Keep this total out of the complete comparable ranking until Scope 1, selected Scope 2 value/method, Scope 3, and finance Scope 3 boundary where applicable all pass the strong-evidence gate.",仅供复核。Scope 1、选定 Scope 2 数值/方法和 Scope 3 全部通过强证据门禁前，不得进入完整可比排行。
EMISSIONS-RANKING-0004,ranking_row_decision,partial_review_excluded,excluded_from_complete_comparable_ranking_until_scope123_gate_passes,missing_scope_or_scope2_method_keeps_total_partial,false,4,,r268_bhpgroup,BHP GROUP,必和必拓集团,268,B,377.6,,,,377.6,operational_or_value_chain_scope3,Non-finance company selected Scope 3 row; no PCAF/financed-emissions boundary signal required for the ranking gate.,,2024,Scope 1 | Scope 2,,,,,,,,,,,"Review only. Keep this total out of the complete comparable ranking until Scope 1, selected Scope 2 value/method, Scope 3, and finance Scope 3 boundary where applicable all pass the strong-evidence gate.",仅供复核。Scope 1、选定 Scope 2 数值/方法和 Scope 3 全部通过强证据门禁前，不得进入完整可比排行。
EMISSIONS-RANKING-0005,ranking_row_decision,complete_comparable_accepted,accepted_complete_scope123_strong_evidence_total,scope1_selected_scope2_scope3_and_finance_boundary_all_have_strong_evidence,not_applicable,5,,r091_equinor公司,Equinor,Equinor,91,D,287.952225,8.331465,1.492572,Market-Based,278.128188,operational_or_value_chain_scope3,Non-finance company selected Scope 3 row; no PCAF/financed-emissions boundary signal required for the ranking gate.,,2024,,,,,,,,,,,,"May enter the complete comparable total-emissions ranking and ranking graph, including explicit finance Scope 3 boundary treatment where applicable.",可进入完整可比企业总排放排行和排行图。
EMISSIONS-RANKING-0006,ranking_row_decision,complete_comparable_accepted,accepted_complete_scope123_strong_evidence_total,scope1_selected_scope2_scope3_and_finance_boundary_all_have_strong_evidence,not_applicable,6,,r048_homedepot,HOME DEPOT,家得宝,48,F,194.2958,0.628,0.7338,Market-Based,192.934,operational_or_value_chain_scope3,Non-finance company selected Scope 3 row; no PCAF/financed-emissions boundary signal required for the ranking gate.,,2023,,,,,,,,,,,,"May enter the complete comparable total-emissions ranking and ranking graph, including explicit finance Scope 3 boundary treatment where applicable.",可进入完整可比企业总排放排行和排行图。
EMISSIONS-RANKING-0007,ranking_row_decision,complete_comparable_accepted,accepted_complete_scope123_strong_evidence_total,scope1_selected_scope2_scope3_and_finance_boundary_all_have_strong_evidence,not_applicable,7,,r480_ecopetrol,ECOPETROL,哥伦比亚国家石油公司,480,B,163.794363,11.817212999999999,0.859892,Market-Based,151.117258,operational_or_value_chain_scope3,Non-finance company selected Scope 3 row; no PCAF/financed-emissions boundary signal required for the ranking gate.,,2024,,,,,,,,,,,,"May enter the complete comparable total-emissions ranking and ranking graph, including explicit finance Scope 3 boundary treatment where applicable.",可进入完整可比企业总排放排行和排行图。
EMISSIONS-RANKING-0008,ranking_row_decision,partial_review_excluded,excluded_from_complete_comparable_ranking_until_scope123_gate_passes,missing_scope_or_scope2_method_keeps_total_partial,false,8,,r230_bungeglobal,BUNGE GLOBAL,邦吉公司,230,C,138.345291,136.679303,1.665988,Unspecified,,,,Scope 2 scope2_method,2024,Scope 2 method | Scope 3 | Evidence Scope 2 scope2_method,,,,,,,,,,,"Review only. Keep this total out of the complete comparable ranking until Scope 1, selected Scope 2 value/method, Scope 3, and finance Scope 3 boundary where applicable all pass the strong-evidence gate.",仅供复核。Scope 1、选定 Scope 2 数值/方法和 Scope 3 全部通过强证据门禁前，不得进入完整可比排行。
EMISSIONS-RANKING-0009,ranking_row_decision,complete_comparable_accepted,accepted_complete_scope123_strong_evidence_total,scope1_selected_scope2_scope3_and_finance_boundary_all_have_strong_evidence,not_applicable,9,,r315_unicreditgroup,UNICREDIT GROUP,联合信贷集团,315,J,97.51461,0.024412,0.016702,Market-Based,97.473496,finance_operational_or_value_chain_scope3,Finance-sector company with Scope 3 evidence that appears operational or value-chain rather than PCAF financed-emissions evidence.,,2024,,,,,,,,,,,,"May enter the complete comparable total-emissions ranking and ranking graph, including explicit finance Scope 3 boundary treatment where applicable.",可进入完整可比企业总排放排行和排行图。
EMISSIONS-RANKING-0010,ranking_row_decision,complete_comparable_accepted,accepted_complete_scope123_strong_evidence_total,scope1_selected_scope2_scope3_and_finance_boundary_all_have_strong_evidence,not_applicable,10,,r002_amazoncom,AMAZON.COM,亚马逊,2,F,68.25,15.13,2.8,Market-Based,50.32,operational_or_value_chain_scope3,Non-finance company selected Scope 3 row; no PCAF/financed-emissions boundary signal required for the ranking gate.,,2024,,,,,,,,,,,,"May enter the complete comparable total-emissions ranking and ranking graph, including explicit finance Scope 3 boundary treatment where applicable.",可进入完整可比企业总排放排行和排行图。
EMISSIONS-RANKING-0011,ranking_row_decision,complete_comparable_accepted,accepted_complete_scope123_strong_evidence_total,scope1_selected_scope2_scope3_and_finance_boundary_all_have_strong_evidence,not_applicable,11,,r114_royalaholddelhaize,ROYAL AHOLD DELHAIZE,皇家阿霍德德尔海兹集团,114,F,66.143,1.695,0.889,Market-Based,63.559,operational_or_value_chain_scope3,Non-finance company selected Scope 3 row; no PCAF/financed-emissions boundary signal required for the ranking gate.,,2024,,,,,,,,,,,,"May enter the complete comparable total-emissions ranking and ranking graph, including explicit finance Scope 3 boundary treatment where applicable.",可进入完整可比企业总排放排行和排行图。
EMISSIONS-RANKING-0012,ranking_row_decision,partial_review_excluded,excluded_from_complete_comparable_ranking_until_scope123_gate_passes,missing_scope_or_scope2_method_keeps_total_partial,false,12,,r357_magnainternational,MAGNA INTERNATIONAL,麦格纳国际,357,C,60.181438,0.43626699999999996,1.0897299999999999,Unspecified,58.655440999999996,operational_or_value_chain_scope3,Non-finance company selected Scope 3 row; no PCAF/financed-emissions boundary signal required for the ranking gate.,Scope 2 scope2_method,2021,Scope 2 method | Evidence Scope 2 scope2_method,,,,,,,,,,,"Review only. Keep this total out of the complete comparable ranking until Scope 1, selected Scope 2 value/method, Scope 3, and finance Scope 3 boundary where applicable all pass the strong-evidence gate.",仅供复核。Scope 1、选定 Scope 2 数值/方法和 Scope 3 全部通过强证据门禁前，不得进入完整可比排行。
EMISSIONS-RANKING-0013,ranking_row_decision,partial_review_excluded,excluded_from_complete_comparable_ranking_until_scope123_gate_passes,missing_scope_or_scope2_method_keeps_total_partial,false,13,,r013_shell,SHELL,壳牌公司,13,B,58,50,8,Market-Based,,,,,2024,Scope 3,,,,,,,,,,,"Review only. Keep this total out of the complete comparable ranking until Scope 1, selected Scope 2 value/method, Scope 3, and finance Scope 3 boundary where applicable all pass the strong-evidence gate.",仅供复核。Scope 1、选定 Scope 2 数值/方法和 Scope 3 全部通过强证据门禁前，不得进入完整可比排行。
EMISSIONS-RANKING-0014,ranking_row_decision,partial_review_excluded,excluded_from_complete_comparable_ranking_until_scope123_gate_passes,missing_scope_or_scope2_method_keeps_total_partial,false,14,,r270_unitedairlinesholdings,UNITED AIRLINES HOLDINGS,联合航空控股公司,270,G,52.105234,38.520027,,,13.585206999999999,operational_or_value_chain_scope3,Non-finance company selected Scope 3 row; no PCAF/financed-emissions boundary signal required for the ranking gate.,,2019,Scope 2,,,,,,,,,,,"Review only. Keep this total out of the complete comparable ranking until Scope 1, selected Scope 2 value/method, Scope 3, and finance Scope 3 boundary where applicable all pass the strong-evidence gate.",仅供复核。Scope 1、选定 Scope 2 数值/方法和 Scope 3 全部通过强证据门禁前，不得进入完整可比排行。
EMISSIONS-RANKING-0015,ranking_row_decision,partial_review_excluded,excluded_from_complete_comparable_ranking_until_scope123_gate_passes,missing_scope_or_scope2_method_keeps_total_partial,false,15,,r125_ptt,PTT,泰国国家石油有限公司,125,D,41.4502,40.5,0.95,Market-Based,0.0002,operational_or_value_chain_scope3,Non-finance company selected Scope 3 row; no PCAF/financed-emissions boundary signal required for the ranking gate.,,2024 | 2021,Inventory year alignment,,,,,,,,,,,"Review only. Keep this total out of the complete comparable ranking until Scope 1, selected Scope 2 value/method, Scope 3, and finance Scope 3 boundary where applicable all pass the strong-evidence gate.",仅供复核。Scope 1、选定 Scope 2 数值/方法和 Scope 3 全部通过强证据门禁前，不得进入完整可比排行。
EMISSIONS-RANKING-0016,ranking_row_decision,partial_review_excluded,excluded_from_complete_comparable_ranking_until_scope123_gate_passes,missing_scope_or_scope2_method_keeps_total_partial,false,16,,r278_americanairlinesgroup,AMERICAN AIRLINES GROUP,美国航空集团,278,G,39.782019,39.604835,0.17718399999999998,Market-Based,,,,,2024,Scope 3,,,,,,,,,,,"Review only. Keep this total out of the complete comparable ranking until Scope 1, selected Scope 2 value/method, Scope 3, and finance Scope 3 boundary where applicable all pass the strong-evidence gate.",仅供复核。Scope 1、选定 Scope 2 数值/方法和 Scope 3 全部通过强证据门禁前，不得进入完整可比排行。
EMISSIONS-RANKING-0017,ranking_row_decision,partial_review_excluded,excluded_from_complete_comparable_ranking_until_scope123_gate_passes,missing_scope_or_scope2_method_keeps_total_partial,false,17,,r486_linde,LINDE,林德集团,486,C,37.413,16.47,20.942999999999998,Market-Based,,,,,2024,Scope 3,,,,,,,,,,,"Review only. Keep this total out of the complete comparable ranking until Scope 1, selected Scope 2 value/method, Scope 3, and finance Scope 3 boundary where applicable all pass the strong-evidence gate.",仅供复核。Scope 1、选定 Scope 2 数值/方法和 Scope 3 全部通过强证据门禁前，不得进入完整可比排行。
EMISSIONS-RANKING-0018,ranking_row_decision,complete_comparable_accepted,accepted_complete_scope123_strong_evidence_total,scope1_selected_scope2_scope3_and_finance_boundary_all_have_strong_evidence,not_applicable,18,,r007_apple,APPLE,苹果公司,7,C,35.79701,0.06371,0.0033,Market-Based,35.73,operational_or_value_chain_scope3,Non-finance company selected Scope 3 row; no PCAF/financed-emissions boundary signal required for the ranking gate.,,2024,,,,,,,,,,,,"May enter the complete comparable total-emissions ranking and ranking graph, including explicit finance Scope 3 boundary treatment where applicable.",可进入完整可比企业总排放排行和排行图。
EMISSIONS-RANKING-0019,ranking_row_decision,partial_review_excluded,excluded_from_complete_comparable_ranking_until_scope123_gate_passes,missing_scope_or_scope2_method_keeps_total_partial,false,19,,r395_pbfenergy公司,PBF Energy,PBF Energy,395,D,30.46,10.46,20,Location-Based,,,,,2024 | 2013,Scope 3,,,,,,,,,,,"Review only. Keep this total out of the complete comparable ranking until Scope 1, selected Scope 2 value/method, Scope 3, and finance Scope 3 boundary where applicable all pass the strong-evidence gate.",仅供复核。Scope 1、选定 Scope 2 数值/方法和 Scope 3 全部通过强证据门禁前，不得进入完整可比排行。
EMISSIONS-RANKING-0020,ranking_row_decision,partial_review_excluded,excluded_from_complete_comparable_ranking_until_scope123_gate_passes,missing_scope_or_scope2_method_keeps_total_partial,false,20,,r132_orlen,ORLEN,波兰国营石油公司,132,D,28.510855,28.510844,,,1.1e-05,operational_or_value_chain_scope3,Non-finance company selected Scope 3 row; no PCAF/financed-emissions boundary signal required for the ranking gate.,,2024,Scope 2,,,,,,,,,,,"Review only. Keep this total out of the complete comparable ranking until Scope 1, selected Scope 2 value/method, Scope 3, and finance Scope 3 boundary where applicable all pass the strong-evidence gate.",仅供复核。Scope 1、选定 Scope 2 数值/方法和 Scope 3 全部通过强证据门禁前，不得进入完整可比排行。
EMISSIONS-RANKING-0021,ranking_row_decision,partial_review_excluded,excluded_from_complete_comparable_ranking_until_scope123_gate_passes,missing_scope_or_scope2_method_keeps_total_partial,false,21,,r443_crh公司,CRH,CRH,443,C,27.237619,27.237619,,,,,,,2024,Scope 2 | Scope 3,,,,,,,,,,,"Review only. Keep this total out of the complete comparable ranking until Scope 1, selected Scope 2 value/method, Scope 3, and finance Scope 3 boundary where applicable all pass the strong-evidence gate.",仅供复核。Scope 1、选定 Scope 2 数值/方法和 Scope 3 全部通过强证据门禁前，不得进入完整可比排行。
EMISSIONS-RANKING-0022,ranking_row_decision,partial_review_excluded,excluded_from_complete_comparable_ranking_until_scope123_gate_passes,missing_scope_or_scope2_method_keeps_total_partial,false,22,,r369_jsainsbury,J. SAINSBURY,森宝利公司,369,F,25.652904,,,,25.652904,operational_or_value_chain_scope3,Non-finance company selected Scope 3 row; no PCAF/financed-emissions boundary signal required for the ranking gate.,,2024,Scope 1 | Scope 2,,,,,,,,,,,"Review only. Keep this total out of the complete comparable ranking until Scope 1, selected Scope 2 value/method, Scope 3, and finance Scope 3 boundary where applicable all pass the strong-evidence gate.",仅供复核。Scope 1、选定 Scope 2 数值/方法和 Scope 3 全部通过强证据门禁前，不得进入完整可比排行。
EMISSIONS-RANKING-0023,ranking_row_decision,partial_review_excluded,excluded_from_complete_comparable_ranking_until_scope123_gate_passes,missing_scope_or_scope2_method_keeps_total_partial,false,23,,r061_valeroenergy,VALERO ENERGY,瓦莱罗能源公司,61,D,24.9,24.9,,,,,,,2023,Scope 2 | Scope 3,,,,,,,,,,,"Review only. Keep this total out of the complete comparable ranking until Scope 1, selected Scope 2 value/method, Scope 3, and finance Scope 3 boundary where applicable all pass the strong-evidence gate.",仅供复核。Scope 1、选定 Scope 2 数值/方法和 Scope 3 全部通过强证据门禁前，不得进入完整可比排行。
EMISSIONS-RANKING-0024,ranking_row_decision,partial_review_excluded,excluded_from_complete_comparable_ranking_until_scope123_gate_passes,missing_scope_or_scope2_method_keeps_total_partial,false,24,,r191_generalelectric,GENERAL ELECTRIC,通用电气公司,191,C,23,,,,23,operational_or_value_chain_scope3,Non-finance company selected Scope 3 row; no PCAF/financed-emissions boundary signal required for the ranking gate.,,2024,Scope 1 | Scope 2,,,,,,,,,,,"Review only. Keep this total out of the complete comparable ranking until Scope 1, selected Scope 2 value/method, Scope 3, and finance Scope 3 boundary where applicable all pass the strong-evidence gate.",仅供复核。Scope 1、选定 Scope 2 数值/方法和 Scope 3 全部通过强证据门禁前，不得进入完整可比排行。
EMISSIONS-RANKING-0025,ranking_row_decision,complete_comparable_accepted,accepted_complete_scope123_strong_evidence_total,scope1_selected_scope2_scope3_and_finance_boundary_all_have_strong_evidence,not_applicable,25,,r392_coop集团,Coop,Coop,392,F,22.881958,0.203296,0.045606,Market-Based,22.633056,operational_or_value_chain_scope3,Non-finance company selected Scope 3 row; no PCAF/financed-emissions boundary signal required for the ranking gate.,,2024,,,,,,,,,,,,"May enter the complete comparable total-emissions ranking and ranking graph, including explicit finance Scope 3 boundary treatment where applicable.",可进入完整可比企业总排放排行和排行图。
EMISSIONS-RANKING-0026,ranking_row_decision,complete_comparable_accepted,accepted_complete_scope123_strong_evidence_total,scope1_selected_scope2_scope3_and_finance_boundary_all_have_strong_evidence,not_applicable,26,,r008_unitedhealthgroup,UNITEDHEALTH GROUP,联合健康集团,8,J,18.349044,0.105782,0.265661,Market-Based,17.977601,financed_emissions_or_pcaf,"Scope 3 evidence text contains PCAF, financed/portfolio/insurance-associated emissions, loans and investments, or Category 15 wording.",,2024,,,,,,,,,,,,"May enter the complete comparable total-emissions ranking and ranking graph, including explicit finance Scope 3 boundary treatment where applicable.",可进入完整可比企业总排放排行和排行图。
EMISSIONS-RANKING-0027,ranking_row_decision,partial_review_excluded,excluded_from_complete_comparable_ranking_until_scope123_gate_passes,missing_scope_or_scope2_method_keeps_total_partial,false,27,,r049_electricitédefrance,ELECTRICITÉ DE FRANCE,法国电力公司,49,I,17.66,17,0.66,Unspecified,,,,Scope 2 scope2_method,2024,Scope 2 method | Scope 3 | Evidence Scope 2 scope2_method,,,,,,,,,,,"Review only. Keep this total out of the complete comparable ranking until Scope 1, selected Scope 2 value/method, Scope 3, and finance Scope 3 boundary where applicable all pass the strong-evidence gate.",仅供复核。Scope 1、选定 Scope 2 数值/方法和 Scope 3 全部通过强证据门禁前，不得进入完整可比排行。
EMISSIONS-RANKING-0028,ranking_row_decision,partial_review_excluded,excluded_from_complete_comparable_ranking_until_scope123_gate_passes,missing_scope_or_scope2_method_keeps_total_partial,false,28,,r024_glencore,GLENCORE,嘉能可,24,B,16.2,16.2,,,,,,,2024,Scope 2 | Scope 3,,,,,,,,,,,"Review only. Keep this total out of the complete comparable ranking until Scope 1, selected Scope 2 value/method, Scope 3, and finance Scope 3 boundary where applicable all pass the strong-evidence gate.",仅供复核。Scope 1、选定 Scope 2 数值/方法和 Scope 3 全部通过强证据门禁前，不得进入完整可比排行。
EMISSIONS-RANKING-0029,ranking_row_decision,complete_comparable_accepted,accepted_complete_scope123_strong_evidence_total,scope1_selected_scope2_scope3_and_finance_boundary_all_have_strong_evidence,not_applicable,29,,r352_bestbuy,BEST BUY,百思买,352,F,16.000444,0.185561,0.082445,Market-Based,15.732438,operational_or_value_chain_scope3,Non-finance company selected Scope 3 row; no PCAF/financed-emissions boundary signal required for the ranking gate.,,2025,,,,,,,,,,,,"May enter the complete comparable total-emissions ranking and ranking graph, including explicit finance Scope 3 boundary treatment where applicable.",可进入完整可比企业总排放排行和排行图。
EMISSIONS-RANKING-0030,ranking_row_decision,partial_review_excluded,excluded_from_complete_comparable_ranking_until_scope123_gate_passes,missing_scope_or_scope2_method_keeps_total_partial,false,30,,r487_heineken,HEINEKEN,喜力公司,487,C,14.9,,0.1,Unspecified,14.8,operational_or_value_chain_scope3,Non-finance company selected Scope 3 row; no PCAF/financed-emissions boundary signal required for the ranking gate.,Scope 2 scope2_method,2024,Scope 1 | Scope 2 method | Evidence Scope 2 scope2_method,,,,,,,,,,,"Review only. Keep this total out of the complete comparable ranking until Scope 1, selected Scope 2 value/method, Scope 3, and finance Scope 3 boundary where applicable all pass the strong-evidence gate.",仅供复核。Scope 1、选定 Scope 2 数值/方法和 Scope 3 全部通过强证据门禁前，不得进入完整可比排行。
EMISSIONS-RANKING-0031,ranking_row_decision,partial_review_excluded,excluded_from_complete_comparable_ranking_until_scope123_gate_passes,missing_scope_or_scope2_method_keeps_total_partial,false,31,,r398_compassgroup,COMPASS GROUP,康帕斯集团,398,H,11.965107,,,,11.965107,operational_or_value_chain_scope3,Non-finance company selected Scope 3 row; no PCAF/financed-emissions boundary signal required for the ranking gate.,,2024,Scope 1 | Scope 2,,,,,,,,,,,"Review only. Keep this total out of the complete comparable ranking until Scope 1, selected Scope 2 value/method, Scope 3, and finance Scope 3 boundary where applicable all pass the strong-evidence gate.",仅供复核。Scope 1、选定 Scope 2 数值/方法和 Scope 3 全部通过强证据门禁前，不得进入完整可比排行。
EMISSIONS-RANKING-0032,ranking_row_decision,partial_review_excluded,excluded_from_complete_comparable_ranking_until_scope123_gate_passes,missing_scope_or_scope2_method_keeps_total_partial,false,32,,r079_uniper公司,Uniper,Uniper,79,D,9.5,9.5,,,,,,,2019,Scope 2 | Scope 3,,,,,,,,,,,"Review only. Keep this total out of the complete comparable ranking until Scope 1, selected Scope 2 value/method, Scope 3, and finance Scope 3 boundary where applicable all pass the strong-evidence gate.",仅供复核。Scope 1、选定 Scope 2 数值/方法和 Scope 3 全部通过强证据门禁前，不得进入完整可比排行。
EMISSIONS-RANKING-0033,ranking_row_decision,partial_review_excluded,excluded_from_complete_comparable_ranking_until_scope123_gate_passes,missing_scope_or_scope2_method_keeps_total_partial,false,33,,r066_metaplatforms公司,Meta Platforms,Meta Platforms,66,F,7.494573,0.048951999999999996,,,7.445621,operational_or_value_chain_scope3,Non-finance company selected Scope 3 row; no PCAF/financed-emissions boundary signal required for the ranking gate.,,2023,Scope 2,,,,,,,,,,,"Review only. Keep this total out of the complete comparable ranking until Scope 1, selected Scope 2 value/method, Scope 3, and finance Scope 3 boundary where applicable all pass the strong-evidence gate.",仅供复核。Scope 1、选定 Scope 2 数值/方法和 Scope 3 全部通过强证据门禁前，不得进入完整可比排行。
EMISSIONS-RANKING-0034,ranking_row_decision,partial_review_excluded,excluded_from_complete_comparable_ranking_until_scope123_gate_passes,missing_scope_or_scope2_method_keeps_total_partial,false,34,,r455_elililly,ELI LILLY,美国礼来公司,455,C,6.174,,,,6.1739999999999995,operational_or_value_chain_scope3,Non-finance company selected Scope 3 row; no PCAF/financed-emissions boundary signal required for the ranking gate.,,2024,Scope 1 | Scope 2,,,,,,,,,,,"Review only. Keep this total out of the complete comparable ranking until Scope 1, selected Scope 2 value/method, Scope 3, and finance Scope 3 boundary where applicable all pass the strong-evidence gate.",仅供复核。Scope 1、选定 Scope 2 数值/方法和 Scope 3 全部通过强证据门禁前，不得进入完整可比排行。
EMISSIONS-RANKING-0035,ranking_row_decision,partial_review_excluded,excluded_from_complete_comparable_ranking_until_scope123_gate_passes,missing_scope_or_scope2_method_keeps_total_partial,false,35,,r320_orange公司,Orange,Orange,320,I,5.361,,,,5.361,operational_or_value_chain_scope3,Non-finance company selected Scope 3 row; no PCAF/financed-emissions boundary signal required for the ranking gate.,,2023,Scope 1 | Scope 2,,,,,,,,,,,"Review only. Keep this total out of the complete comparable ranking until Scope 1, selected Scope 2 value/method, Scope 3, and finance Scope 3 boundary where applicable all pass the strong-evidence gate.",仅供复核。Scope 1、选定 Scope 2 数值/方法和 Scope 3 全部通过强证据门禁前，不得进入完整可比排行。
EMISSIONS-RANKING-0036,ranking_row_decision,complete_comparable_accepted,accepted_complete_scope123_strong_evidence_total,scope1_selected_scope2_scope3_and_finance_boundary_all_have_strong_evidence,not_applicable,36,,r297_sanofi,SANOFI,赛诺菲,297,C,4.196976,0.298485,0.075864,Market-Based,3.822627,operational_or_value_chain_scope3,Non-finance company selected Scope 3 row; no PCAF/financed-emissions boundary signal required for the ranking gate.,,2024,,,,,,,,,,,,"May enter the complete comparable total-emissions ranking and ranking graph, including explicit finance Scope 3 boundary treatment where applicable.",可进入完整可比企业总排放排行和排行图。
EMISSIONS-RANKING-0037,ranking_row_decision,partial_review_excluded,excluded_from_complete_comparable_ranking_until_scope123_gate_passes,missing_scope_or_scope2_method_keeps_total_partial,false,37,,r421_jardinematheson,JARDINE MATHESON,怡和集团,421,C,4.1195,0.11950000000000001,4,Market-Based,,,,,2024,Scope 3,,,,,,,,,,,"Review only. Keep this total out of the complete comparable ranking until Scope 1, selected Scope 2 value/method, Scope 3, and finance Scope 3 boundary where applicable all pass the strong-evidence gate.",仅供复核。Scope 1、选定 Scope 2 数值/方法和 Scope 3 全部通过强证据门禁前，不得进入完整可比排行。
EMISSIONS-RANKING-0038,ranking_row_decision,partial_review_excluded,excluded_from_complete_comparable_ranking_until_scope123_gate_passes,missing_scope_or_scope2_method_keeps_total_partial,false,38,,r431_elo集团,ELO,ELO,431,F,4.044,2.0220000000000002,2.0220000000000002,Market-Based,,,,,2022,Scope 3,,,,,,,,,,,"Review only. Keep this total out of the complete comparable ranking until Scope 1, selected Scope 2 value/method, Scope 3, and finance Scope 3 boundary where applicable all pass the strong-evidence gate.",仅供复核。Scope 1、选定 Scope 2 数值/方法和 Scope 3 全部通过强证据门禁前，不得进入完整可比排行。
EMISSIONS-RANKING-0039,ranking_row_decision,partial_review_excluded,excluded_from_complete_comparable_ranking_until_scope123_gate_passes,missing_scope_or_scope2_method_keeps_total_partial,false,39,,r101_eon,E.ON,意昂集团,101,D,3.66,,3.66,Location-Based,,,,,2024,Scope 1 | Scope 3,,,,,,,,,,,"Review only. Keep this total out of the complete comparable ranking until Scope 1, selected Scope 2 value/method, Scope 3, and finance Scope 3 boundary where applicable all pass the strong-evidence gate.",仅供复核。Scope 1、选定 Scope 2 数值/方法和 Scope 3 全部通过强证据门禁前，不得进入完整可比排行。
EMISSIONS-RANKING-0040,ranking_row_decision,partial_review_excluded,excluded_from_complete_comparable_ranking_until_scope123_gate_passes,missing_scope_or_scope2_method_keeps_total_partial,false,40,,r345_raízen公司,Raízen,Raízen,345,D,3.179507,3.17950682,,,,,,,2024,Scope 2 | Scope 3,,,,,,,,,,,"Review only. Keep this total out of the complete comparable ranking until Scope 1, selected Scope 2 value/method, Scope 3, and finance Scope 3 boundary where applicable all pass the strong-evidence gate.",仅供复核。Scope 1、选定 Scope 2 数值/方法和 Scope 3 全部通过强证据门禁前，不得进入完整可比排行。
EMISSIONS-RANKING-0041,ranking_row_decision,partial_review_excluded,excluded_from_complete_comparable_ranking_until_scope123_gate_passes,missing_scope_or_scope2_method_keeps_total_partial,false,41,,r017_alphabet公司,Alphabet,Alphabet,17,I,3.1322,0.0731,3.0591,Market-Based,,,,,2024,Scope 3,,,,,,,,,,,"Review only. Keep this total out of the complete comparable ranking until Scope 1, selected Scope 2 value/method, Scope 3, and finance Scope 3 boundary where applicable all pass the strong-evidence gate.",仅供复核。Scope 1、选定 Scope 2 数值/方法和 Scope 3 全部通过强证据门禁前，不得进入完整可比排行。
EMISSIONS-RANKING-0042,ranking_row_decision,partial_review_excluded,excluded_from_complete_comparable_ranking_until_scope123_gate_passes,missing_scope_or_scope2_method_keeps_total_partial,false,42,,r165_pertamina,PERTAMINA,印尼国家石油公司,165,D,2.90836,2.021,0.88736,Unspecified,,,,Scope 2 scope2_method,2021 | 2023,Scope 2 method | Scope 3 | Evidence Scope 2 scope2_method,,,,,,,,,,,"Review only. Keep this total out of the complete comparable ranking until Scope 1, selected Scope 2 value/method, Scope 3, and finance Scope 3 boundary where applicable all pass the strong-evidence gate.",仅供复核。Scope 1、选定 Scope 2 数值/方法和 Scope 3 全部通过强证据门禁前，不得进入完整可比排行。
EMISSIONS-RANKING-0043,ranking_row_decision,complete_comparable_accepted,accepted_complete_scope123_strong_evidence_total,scope1_selected_scope2_scope3_and_finance_boundary_all_have_strong_evidence,not_applicable,43,,r350_telefónica,TELEFÓNICA,西班牙电话公司,350,I,2.237612,0.122874,0.152327,Market-Based,1.962411,operational_or_value_chain_scope3,Non-finance company selected Scope 3 row; no PCAF/financed-emissions boundary signal required for the ranking gate.,,2024,,,,,,,,,,,,"May enter the complete comparable total-emissions ranking and ranking graph, including explicit finance Scope 3 boundary treatment where applicable.",可进入完整可比企业总排放排行和排行图。
EMISSIONS-RANKING-0044,ranking_row_decision,partial_review_excluded,excluded_from_complete_comparable_ranking_until_scope123_gate_passes,missing_scope_or_scope2_method_keeps_total_partial,false,44,,r073_hyundaimotor,HYUNDAI MOTOR,现代汽车,73,C,1.68412,,1.6841199999999998,Market-Based,,,,,2024,Scope 1 | Scope 3,,,,,,,,,,,"Review only. Keep this total out of the complete comparable ranking until Scope 1, selected Scope 2 value/method, Scope 3, and finance Scope 3 boundary where applicable all pass the strong-evidence gate.",仅供复核。Scope 1、选定 Scope 2 数值/方法和 Scope 3 全部通过强证据门禁前，不得进入完整可比排行。
EMISSIONS-RANKING-0045,ranking_row_decision,partial_review_excluded,excluded_from_complete_comparable_ranking_until_scope123_gate_passes,missing_scope_or_scope2_method_keeps_total_partial,false,45,,r401_suncorenergy,SUNCOR ENERGY,森科能源公司,401,D,1.47,,1.47,Unspecified,,,,Scope 2 scope2_method,2022,Scope 1 | Scope 2 method | Scope 3 | Evidence Scope 2 scope2_method,,,,,,,,,,,"Review only. Keep this total out of the complete comparable ranking until Scope 1, selected Scope 2 value/method, Scope 3, and finance Scope 3 boundary where applicable all pass the strong-evidence gate.",仅供复核。Scope 1、选定 Scope 2 数值/方法和 Scope 3 全部通过强证据门禁前，不得进入完整可比排行。
EMISSIONS-RANKING-0046,ranking_row_decision,partial_review_excluded,excluded_from_complete_comparable_ranking_until_scope123_gate_passes,missing_scope_or_scope2_method_keeps_total_partial,false,46,,r366_warnerbrosdiscovery,WARNER BROS. DISCOVERY,华纳兄弟探索公司,366,R,1.4352,,,,1.4352,operational_or_value_chain_scope3,Non-finance company selected Scope 3 row; no PCAF/financed-emissions boundary signal required for the ranking gate.,,2024,Scope 1 | Scope 2,,,,,,,,,,,"Review only. Keep this total out of the complete comparable ranking until Scope 1, selected Scope 2 value/method, Scope 3, and finance Scope 3 boundary where applicable all pass the strong-evidence gate.",仅供复核。Scope 1、选定 Scope 2 数值/方法和 Scope 3 全部通过强证据门禁前，不得进入完整可比排行。
EMISSIONS-RANKING-0047,ranking_row_decision,complete_comparable_accepted,accepted_complete_scope123_strong_evidence_total,scope1_selected_scope2_scope3_and_finance_boundary_all_have_strong_evidence,not_applicable,47,,r046_centene公司,Centene,Centene,46,J,1.230915,0.007825,0.038671,Market-Based,1.184419,finance_operational_or_value_chain_scope3,Finance-sector company with Scope 3 evidence that appears operational or value-chain rather than PCAF financed-emissions evidence.,,2024,,,,,,,,,,,,"May enter the complete comparable total-emissions ranking and ranking graph, including explicit finance Scope 3 boundary treatment where applicable.",可进入完整可比企业总排放排行和排行图。
EMISSIONS-RANKING-0048,ranking_row_decision,partial_review_excluded,excluded_from_complete_comparable_ranking_until_scope123_gate_passes,missing_scope_or_scope2_method_keeps_total_partial,false,48,,r127_fedex,FEDEX,联邦快递,127,G,0.966871,,0.9668709999999999,Market-Based,,,,,2025,Scope 1 | Scope 3,,,,,,,,,,,"Review only. Keep this total out of the complete comparable ranking until Scope 1, selected Scope 2 value/method, Scope 3, and finance Scope 3 boundary where applicable all pass the strong-evidence gate.",仅供复核。Scope 1、选定 Scope 2 数值/方法和 Scope 3 全部通过强证据门禁前，不得进入完整可比排行。
EMISSIONS-RANKING-0049,ranking_row_decision,partial_review_excluded,excluded_from_complete_comparable_ranking_until_scope123_gate_passes,missing_scope_or_scope2_method_keeps_total_partial,false,49,,r235_conocophillips,CONOCOPHILLIPS,康菲石油公司,235,B,0.93,,0.93,Market-Based,,,,,2024,Scope 1 | Scope 3,,,,,,,,,,,"Review only. Keep this total out of the complete comparable ranking until Scope 1, selected Scope 2 value/method, Scope 3, and finance Scope 3 boundary where applicable all pass the strong-evidence gate.",仅供复核。Scope 1、选定 Scope 2 数值/方法和 Scope 3 全部通过强证据门禁前，不得进入完整可比排行。
EMISSIONS-RANKING-0050,ranking_row_decision,partial_review_excluded,excluded_from_complete_comparable_ranking_until_scope123_gate_passes,missing_scope_or_scope2_method_keeps_total_partial,false,50,,r042_mercedesbenzgroup,MERCEDES-BENZ GROUP,梅赛德斯-奔驰集团,42,C,0.65,0.65,,,,,,,2018,Scope 2 | Scope 3,,,,,,,,,,,"Review only. Keep this total out of the complete comparable ranking until Scope 1, selected Scope 2 value/method, Scope 3, and finance Scope 3 boundary where applicable all pass the strong-evidence gate.",仅供复核。Scope 1、选定 Scope 2 数值/方法和 Scope 3 全部通过强证据门禁前，不得进入完整可比排行。
EMISSIONS-RANKING-0051,ranking_row_decision,partial_review_excluded,excluded_from_complete_comparable_ranking_until_scope123_gate_passes,missing_scope_or_scope2_method_keeps_total_partial,false,51,,r176_巴西jbs公司,JBS,巴西JBS,176,C,0.4,0.39999999999999997,,,,,,,2021,Scope 2 | Scope 3,,,,,,,,,,,"Review only. Keep this total out of the complete comparable ranking until Scope 1, selected Scope 2 value/method, Scope 3, and finance Scope 3 boundary where applicable all pass the strong-evidence gate.",仅供复核。Scope 1、选定 Scope 2 数值/方法和 Scope 3 全部通过强证据门禁前，不得进入完整可比排行。
EMISSIONS-RANKING-0052,ranking_row_decision,partial_review_excluded,excluded_from_complete_comparable_ranking_until_scope123_gate_passes,missing_scope_or_scope2_method_keeps_total_partial,false,52,,r464_britishamericantobacco,BRITISH AMERICAN TOBACCO,英美烟草集团,464,C,0.342034,0.342034,,,,,,,2020,Scope 2 | Scope 3,,,,,,,,,,,"Review only. Keep this total out of the complete comparable ranking until Scope 1, selected Scope 2 value/method, Scope 3, and finance Scope 3 boundary where applicable all pass the strong-evidence gate.",仅供复核。Scope 1、选定 Scope 2 数值/方法和 Scope 3 全部通过强证据门禁前，不得进入完整可比排行。
EMISSIONS-RANKING-0053,ranking_row_decision,partial_review_excluded,excluded_from_complete_comparable_ranking_until_scope123_gate_passes,missing_scope_or_scope2_method_keeps_total_partial,false,53,,r356_thermofisherscientific,THERMO FISHER SCIENTIFIC,赛默飞世尔科技公司,356,C,0.331463,0.331463,,,,,,,2023,Scope 2 | Scope 3,,,,,,,,,,,"Review only. Keep this total out of the complete comparable ranking until Scope 1, selected Scope 2 value/method, Scope 3, and finance Scope 3 boundary where applicable all pass the strong-evidence gate.",仅供复核。Scope 1、选定 Scope 2 数值/方法和 Scope 3 全部通过强证据门禁前，不得进入完整可比排行。
EMISSIONS-RANKING-0054,ranking_row_decision,partial_review_excluded,excluded_from_complete_comparable_ranking_until_scope123_gate_passes,missing_scope_or_scope2_method_keeps_total_partial,false,54,,r193_lockheedmartin,LOCKHEED MARTIN,洛克希德－马丁,193,C,0.294431,0.294431,,,,,,,2024,Scope 2 | Scope 3,,,,,,,,,,,"Review only. Keep this total out of the complete comparable ranking until Scope 1, selected Scope 2 value/method, Scope 3, and finance Scope 3 boundary where applicable all pass the strong-evidence gate.",仅供复核。Scope 1、选定 Scope 2 数值/方法和 Scope 3 全部通过强证据门禁前，不得进入完整可比排行。
EMISSIONS-RANKING-0055,ranking_row_decision,partial_review_excluded,excluded_from_complete_comparable_ranking_until_scope123_gate_passes,missing_scope_or_scope2_method_keeps_total_partial,false,55,,r266_prudentialfinancial,PRUDENTIAL FINANCIAL,保德信金融集团,266,J,0.289149,0.013609,0.019999,Location-Based,0.25554099999999996,financed_emissions_or_pcaf,"Scope 3 evidence text contains PCAF, financed/portfolio/insurance-associated emissions, loans and investments, or Category 15 wording.",,2024 | 2023,Inventory year alignment,,,,,,,,,,,"Review only. Keep this total out of the complete comparable ranking until Scope 1, selected Scope 2 value/method, Scope 3, and finance Scope 3 boundary where applicable all pass the strong-evidence gate.",仅供复核。Scope 1、选定 Scope 2 数值/方法和 Scope 3 全部通过强证据门禁前，不得进入完整可比排行。
EMISSIONS-RANKING-0056,ranking_row_decision,partial_review_excluded,excluded_from_complete_comparable_ranking_until_scope123_gate_passes,missing_scope_or_scope2_method_keeps_total_partial,false,56,,r234_panasonicholdings,PANASONIC HOLDINGS,松下控股公司,234,C,0.224,0.224,,,,,,,2025,Scope 2 | Scope 3,,,,,,,,,,,"Review only. Keep this total out of the complete comparable ranking until Scope 1, selected Scope 2 value/method, Scope 3, and finance Scope 3 boundary where applicable all pass the strong-evidence gate.",仅供复核。Scope 1、选定 Scope 2 数值/方法和 Scope 3 全部通过强证据门禁前，不得进入完整可比排行。
EMISSIONS-RANKING-0057,ranking_row_decision,partial_review_excluded,excluded_from_complete_comparable_ranking_until_scope123_gate_passes,missing_scope_or_scope2_method_keeps_total_partial,false,57,,r427_broadcom,BROADCOM,博通公司,427,C,0.220401,0.053648999999999995,0.16675199999999998,Market-Based,,,,,2024,Scope 3,,,,,,,,,,,"Review only. Keep this total out of the complete comparable ranking until Scope 1, selected Scope 2 value/method, Scope 3, and finance Scope 3 boundary where applicable all pass the strong-evidence gate.",仅供复核。Scope 1、选定 Scope 2 数值/方法和 Scope 3 全部通过强证据门禁前，不得进入完整可比排行。
EMISSIONS-RANKING-0058,ranking_row_decision,partial_review_excluded,excluded_from_complete_comparable_ranking_until_scope123_gate_passes,missing_scope_or_scope2_method_keeps_total_partial,false,58,,r166_vinci,VINCI,万喜集团,166,E,0.2,0.2,,,,,,,2023,Scope 2 | Scope 3,,,,,,,,,,,"Review only. Keep this total out of the complete comparable ranking until Scope 1, selected Scope 2 value/method, Scope 3, and finance Scope 3 boundary where applicable all pass the strong-evidence gate.",仅供复核。Scope 1、选定 Scope 2 数值/方法和 Scope 3 全部通过强证据门禁前，不得进入完整可比排行。
EMISSIONS-RANKING-0059,ranking_row_decision,partial_review_excluded,excluded_from_complete_comparable_ranking_until_scope123_gate_passes,missing_scope_or_scope2_method_keeps_total_partial,false,59,,r027_cardinalhealth,CARDINAL HEALTH,嘉德诺健康集团,27,F,0.16015,0.16015,,,,,,,2024,Scope 2 | Scope 3,,,,,,,,,,,"Review only. Keep this total out of the complete comparable ranking until Scope 1, selected Scope 2 value/method, Scope 3, and finance Scope 3 boundary where applicable all pass the strong-evidence gate.",仅供复核。Scope 1、选定 Scope 2 数值/方法和 Scope 3 全部通过强证据门禁前，不得进入完整可比排行。
EMISSIONS-RANKING-0060,ranking_row_decision,partial_review_excluded,excluded_from_complete_comparable_ranking_until_scope123_gate_passes,missing_scope_or_scope2_method_keeps_total_partial,false,60,,r262_tjx公司,TJX,TJX,262,F,0.143258,0.143258,,,,,,,2025,Scope 2 | Scope 3,,,,,,,,,,,"Review only. Keep this total out of the complete comparable ranking until Scope 1, selected Scope 2 value/method, Scope 3, and finance Scope 3 boundary where applicable all pass the strong-evidence gate.",仅供复核。Scope 1、选定 Scope 2 数值/方法和 Scope 3 全部通过强证据门禁前，不得进入完整可比排行。
EMISSIONS-RANKING-0061,ranking_row_decision,complete_comparable_accepted,accepted_complete_scope123_strong_evidence_total,scope1_selected_scope2_scope3_and_finance_boundary_all_have_strong_evidence,not_applicable,61,,r260_newyorklifeinsurance,NEW YORK LIFE INSURANCE,美国纽约人寿保险公司,260,J,0.142889,0.00957,0.075388,Market-Based,0.057931,finance_operational_or_value_chain_scope3,Finance-sector company with Scope 3 evidence that appears operational or value-chain rather than PCAF financed-emissions evidence.,,2024,,,,,,,,,,,,"May enter the complete comparable total-emissions ranking and ranking graph, including explicit finance Scope 3 boundary treatment where applicable.",可进入完整可比企业总排放排行和排行图。
EMISSIONS-RANKING-0062,ranking_row_decision,partial_review_excluded,excluded_from_complete_comparable_ranking_until_scope123_gate_passes,missing_scope_or_scope2_method_keeps_total_partial,false,62,,r434_drhorton公司,D.R. Horton,D.R. Horton,434,E,0.113516,0.055299999999999995,0.058216,Market-Based,,,,,2024,Scope 3,,,,,,,,,,,"Review only. Keep this total out of the complete comparable ranking until Scope 1, selected Scope 2 value/method, Scope 3, and finance Scope 3 boundary where applicable all pass the strong-evidence gate.",仅供复核。Scope 1、选定 Scope 2 数值/方法和 Scope 3 全部通过强证据门禁前，不得进入完整可比排行。
EMISSIONS-RANKING-0063,ranking_row_decision,partial_review_excluded,excluded_from_complete_comparable_ranking_until_scope123_gate_passes,missing_scope_or_scope2_method_keeps_total_partial,false,63,,r387_schneiderelectric,SCHNEIDER ELECTRIC,施耐德电气,387,C,0.10636,0.10636,,,,,,,2024,Scope 2 | Scope 3,,,,,,,,,,,"Review only. Keep this total out of the complete comparable ranking until Scope 1, selected Scope 2 value/method, Scope 3, and finance Scope 3 boundary where applicable all pass the strong-evidence gate.",仅供复核。Scope 1、选定 Scope 2 数值/方法和 Scope 3 全部通过强证据门禁前，不得进入完整可比排行。
EMISSIONS-RANKING-0064,ranking_row_decision,partial_review_excluded,excluded_from_complete_comparable_ranking_until_scope123_gate_passes,missing_scope_or_scope2_method_keeps_total_partial,false,64,,r482_jerónimomartins公司,Jerónimo Martins,Jerónimo Martins,482,F,0.103073,0.086895,,,0.016177999999999998,operational_or_value_chain_scope3,Non-finance company selected Scope 3 row; no PCAF/financed-emissions boundary signal required for the ranking gate.,,2023,Scope 2,,,,,,,,,,,"Review only. Keep this total out of the complete comparable ranking until Scope 1, selected Scope 2 value/method, Scope 3, and finance Scope 3 boundary where applicable all pass the strong-evidence gate.",仅供复核。Scope 1、选定 Scope 2 数值/方法和 Scope 3 全部通过强证据门禁前，不得进入完整可比排行。
EMISSIONS-RANKING-0065,ranking_row_decision,partial_review_excluded,excluded_from_complete_comparable_ranking_until_scope123_gate_passes,missing_scope_or_scope2_method_keeps_total_partial,false,65,,r403_ubertechnologies公司,Uber Technologies,Uber Technologies,403,F,0.059776,0.001274,0.058502,Market-Based,,,,,2022,Scope 3,,,,,,,,,,,"Review only. Keep this total out of the complete comparable ranking until Scope 1, selected Scope 2 value/method, Scope 3, and finance Scope 3 boundary where applicable all pass the strong-evidence gate.",仅供复核。Scope 1、选定 Scope 2 数值/方法和 Scope 3 全部通过强证据门禁前，不得进入完整可比排行。
EMISSIONS-RANKING-0066,ranking_row_decision,partial_review_excluded,excluded_from_complete_comparable_ranking_until_scope123_gate_passes,missing_scope_or_scope2_method_keeps_total_partial,false,66,,r269_hp,HP,惠普公司,269,C,0.0484,0.0484,,,,,,,2024,Scope 2 | Scope 3,,,,,,,,,,,"Review only. Keep this total out of the complete comparable ranking until Scope 1, selected Scope 2 value/method, Scope 3, and finance Scope 3 boundary where applicable all pass the strong-evidence gate.",仅供复核。Scope 1、选定 Scope 2 数值/方法和 Scope 3 全部通过强证据门禁前，不得进入完整可比排行。
EMISSIONS-RANKING-0067,ranking_row_decision,partial_review_excluded,excluded_from_complete_comparable_ranking_until_scope123_gate_passes,missing_scope_or_scope2_method_keeps_total_partial,false,67,,r126_axa,AXA,安盛,126,J,0.0442,0.021054,0.023146,Unspecified,,,,Scope 2 scope2_method,2024 | 2023,Scope 2 method | Scope 3 | Evidence Scope 2 scope2_method,,,,,,,,,,,"Review only. Keep this total out of the complete comparable ranking until Scope 1, selected Scope 2 value/method, Scope 3, and finance Scope 3 boundary where applicable all pass the strong-evidence gate.",仅供复核。Scope 1、选定 Scope 2 数值/方法和 Scope 3 全部通过强证据门禁前，不得进入完整可比排行。
EMISSIONS-RANKING-0068,ranking_row_decision,partial_review_excluded,excluded_from_complete_comparable_ranking_until_scope123_gate_passes,missing_scope_or_scope2_method_keeps_total_partial,false,68,,r189_itaúunibancoholding,ITAÚ UNIBANCO HOLDING,伊塔乌联合银行控股公司,189,J,0.040676,0.019405,0.021270999999999998,Unspecified,,,,Scope 2 scope2_method,2024,Scope 2 method | Scope 3 | Evidence Scope 2 scope2_method,,,,,,,,,,,"Review only. Keep this total out of the complete comparable ranking until Scope 1, selected Scope 2 value/method, Scope 3, and finance Scope 3 boundary where applicable all pass the strong-evidence gate.",仅供复核。Scope 1、选定 Scope 2 数值/方法和 Scope 3 全部通过强证据门禁前，不得进入完整可比排行。
EMISSIONS-RANKING-0069,ranking_row_decision,complete_comparable_accepted,accepted_complete_scope123_strong_evidence_total,scope1_selected_scope2_scope3_and_finance_boundary_all_have_strong_evidence,not_applicable,69,,r327_talanx公司,Talanx,Talanx,327,J,0.037881,0.012627,0.012627,Market-Based,0.012627,finance_operational_or_value_chain_scope3,Finance-sector company with Scope 3 evidence that appears operational or value-chain rather than PCAF financed-emissions evidence.,,2022,,,,,,,,,,,,"May enter the complete comparable total-emissions ranking and ranking graph, including explicit finance Scope 3 boundary treatment where applicable.",可进入完整可比企业总排放排行和排行图。
EMISSIONS-RANKING-0070,ranking_row_decision,partial_review_excluded,excluded_from_complete_comparable_ranking_until_scope123_gate_passes,missing_scope_or_scope2_method_keeps_total_partial,false,70,,r168_torontodominionbank,TORONTO-DOMINION BANK,多伦多道明银行,168,J,0.020241,,,,0.020241,finance_operational_or_value_chain_scope3,Finance-sector company with Scope 3 evidence that appears operational or value-chain rather than PCAF financed-emissions evidence.,,2019,Scope 1 | Scope 2,,,,,,,,,,,"Review only. Keep this total out of the complete comparable ranking until Scope 1, selected Scope 2 value/method, Scope 3, and finance Scope 3 boundary where applicable all pass the strong-evidence gate.",仅供复核。Scope 1、选定 Scope 2 数值/方法和 Scope 3 全部通过强证据门禁前，不得进入完整可比排行。
EMISSIONS-RANKING-0071,ranking_row_decision,partial_review_excluded,excluded_from_complete_comparable_ranking_until_scope123_gate_passes,missing_scope_or_scope2_method_keeps_total_partial,false,71,,r283_intesasanpaolo,INTESA SANPAOLO,意大利联合圣保罗银行,283,J,0.020143,0.016656,0.0034869999999999996,Location-Based,,,,,2024,Scope 3,,,,,,,,,,,"Review only. Keep this total out of the complete comparable ranking until Scope 1, selected Scope 2 value/method, Scope 3, and finance Scope 3 boundary where applicable all pass the strong-evidence gate.",仅供复核。Scope 1、选定 Scope 2 数值/方法和 Scope 3 全部通过强证据门禁前，不得进入完整可比排行。
EMISSIONS-RANKING-0072,ranking_row_decision,partial_review_excluded,excluded_from_complete_comparable_ranking_until_scope123_gate_passes,missing_scope_or_scope2_method_keeps_total_partial,false,72,,r252_bancobradesco,BANCO BRADESCO,巴西布拉德斯科银行,252,J,0.019631,0.019631,,,,,,,2024,Scope 2 | Scope 3,,,,,,,,,,,"Review only. Keep this total out of the complete comparable ranking until Scope 1, selected Scope 2 value/method, Scope 3, and finance Scope 3 boundary where applicable all pass the strong-evidence gate.",仅供复核。Scope 1、选定 Scope 2 数值/方法和 Scope 3 全部通过强证据门禁前，不得进入完整可比排行。
EMISSIONS-RANKING-0073,ranking_row_decision,partial_review_excluded,excluded_from_complete_comparable_ranking_until_scope123_gate_passes,missing_scope_or_scope2_method_keeps_total_partial,false,73,,r206_chinavanke,CHINA VANKE,万科企业股份有限公司,206,K,0.01457,0.0145702,,,,,,,2024,Scope 2 | Scope 3,,,,,,,,,,,"Review only. Keep this total out of the complete comparable ranking until Scope 1, selected Scope 2 value/method, Scope 3, and finance Scope 3 boundary where applicable all pass the strong-evidence gate.",仅供复核。Scope 1、选定 Scope 2 数值/方法和 Scope 3 全部通过强证据门禁前，不得进入完整可比排行。
EMISSIONS-RANKING-0074,ranking_row_decision,partial_review_excluded,excluded_from_complete_comparable_ranking_until_scope123_gate_passes,missing_scope_or_scope2_method_keeps_total_partial,false,74,,r095_lifeinsurancecorpofindia,LIFE INSURANCE CORP. OF INDIA,印度人寿保险公司,95,J,0.013108,0.013107889999999999,,,,,,,2022,Scope 2 | Scope 3,,,,,,,,,,,"Review only. Keep this total out of the complete comparable ranking until Scope 1, selected Scope 2 value/method, Scope 3, and finance Scope 3 boundary where applicable all pass the strong-evidence gate.",仅供复核。Scope 1、选定 Scope 2 数值/方法和 Scope 3 全部通过强证据门禁前，不得进入完整可比排行。
EMISSIONS-RANKING-0075,ranking_row_decision,partial_review_excluded,excluded_from_complete_comparable_ranking_until_scope123_gate_passes,missing_scope_or_scope2_method_keeps_total_partial,false,75,,r317_tokyoelectricpower,TOKYO ELECTRIC POWER,东京电力公司,317,I,0.011,0.011,,,,,,,2023,Scope 2 | Scope 3,,,,,,,,,,,"Review only. Keep this total out of the complete comparable ranking until Scope 1, selected Scope 2 value/method, Scope 3, and finance Scope 3 boundary where applicable all pass the strong-evidence gate.",仅供复核。Scope 1、选定 Scope 2 数值/方法和 Scope 3 全部通过强证据门禁前，不得进入完整可比排行。
EMISSIONS-RANKING-0076,ranking_row_decision,partial_review_excluded,excluded_from_complete_comparable_ranking_until_scope123_gate_passes,missing_scope_or_scope2_method_keeps_total_partial,false,76,,r263_novartis,NOVARTIS,诺华公司,263,C,0.001,,0.001,Market-Based,,,,,2022,Scope 1 | Scope 3,,,,,,,,,,,"Review only. Keep this total out of the complete comparable ranking until Scope 1, selected Scope 2 value/method, Scope 3, and finance Scope 3 boundary where applicable all pass the strong-evidence gate.",仅供复核。Scope 1、选定 Scope 2 数值/方法和 Scope 3 全部通过强证据门禁前，不得进入完整可比排行。
EMISSIONS-RANKING-0077,ranking_row_decision,partial_review_excluded,excluded_from_complete_comparable_ranking_until_scope123_gate_passes,missing_scope_or_scope2_method_keeps_total_partial,false,77,,r289_maerskgroup,MAERSK GROUP,马士基集团,289,C,0.001,,0.001,Unspecified,,,,Scope 2 scope2_method,2025,Scope 1 | Scope 2 method | Scope 3 | Evidence Scope 2 scope2_method,,,,,,,,,,,"Review only. Keep this total out of the complete comparable ranking until Scope 1, selected Scope 2 value/method, Scope 3, and finance Scope 3 boundary where applicable all pass the strong-evidence gate.",仅供复核。Scope 1、选定 Scope 2 数值/方法和 Scope 3 全部通过强证据门禁前，不得进入完整可比排行。
EMISSIONS-RANKING-0078,ranking_row_decision,partial_review_excluded,excluded_from_complete_comparable_ranking_until_scope123_gate_passes,missing_scope_or_scope2_method_keeps_total_partial,false,78,,r301_swissre,SWISS RE,瑞士再保险股份有限公司,301,J,0.001,,,,0.001,financed_emissions_or_pcaf,"Scope 3 evidence text contains PCAF, financed/portfolio/insurance-associated emissions, loans and investments, or Category 15 wording.",,2023,Scope 1 | Scope 2,,,,,,,,,,,"Review only. Keep this total out of the complete comparable ranking until Scope 1, selected Scope 2 value/method, Scope 3, and finance Scope 3 boundary where applicable all pass the strong-evidence gate.",仅供复核。Scope 1、选定 Scope 2 数值/方法和 Scope 3 全部通过强证据门禁前，不得进入完整可比排行。
EMISSIONS-RANKING-0079,ranking_row_decision,partial_review_excluded,excluded_from_complete_comparable_ranking_until_scope123_gate_passes,missing_scope_or_scope2_method_keeps_total_partial,false,79,,r374_lufthansagroup,LUFTHANSA GROUP,汉莎集团,374,G,0.001,0.001,,,,,,,2025,Scope 2 | Scope 3,,,,,,,,,,,"Review only. Keep this total out of the complete comparable ranking until Scope 1, selected Scope 2 value/method, Scope 3, and finance Scope 3 boundary where applicable all pass the strong-evidence gate.",仅供复核。Scope 1、选定 Scope 2 数值/方法和 Scope 3 全部通过强证据门禁前，不得进入完整可比排行。
EMISSIONS-RANKING-0080,ranking_row_decision,partial_review_excluded,excluded_from_complete_comparable_ranking_until_scope123_gate_passes,missing_scope_or_scope2_method_keeps_total_partial,false,80,,r376_abbottlaboratories,ABBOTT LABORATORIES,雅培公司,376,C,0.001,,,,0.001,operational_or_value_chain_scope3,Non-finance company selected Scope 3 row; no PCAF/financed-emissions boundary signal required for the ranking gate.,,2024,Scope 1 | Scope 2,,,,,,,,,,,"Review only. Keep this total out of the complete comparable ranking until Scope 1, selected Scope 2 value/method, Scope 3, and finance Scope 3 boundary where applicable all pass the strong-evidence gate.",仅供复核。Scope 1、选定 Scope 2 数值/方法和 Scope 3 全部通过强证据门禁前，不得进入完整可比排行。
EMISSIONS-RANKING-0081,ranking_row_decision,partial_review_excluded,excluded_from_complete_comparable_ranking_until_scope123_gate_passes,missing_scope_or_scope2_method_keeps_total_partial,false,81,,r198_wilmarinternational,WILMAR INTERNATIONAL,丰益国际,198,C,0.000102,,,,0.0001025,operational_or_value_chain_scope3,Non-finance company selected Scope 3 row; no PCAF/financed-emissions boundary signal required for the ranking gate.,,2023,Scope 1 | Scope 2,,,,,,,,,,,"Review only. Keep this total out of the complete comparable ranking until Scope 1, selected Scope 2 value/method, Scope 3, and finance Scope 3 boundary where applicable all pass the strong-evidence gate.",仅供复核。Scope 1、选定 Scope 2 数值/方法和 Scope 3 全部通过强证据门禁前，不得进入完整可比排行。
EMISSIONS-RANKING-0082,ranking_row_decision,partial_review_excluded,excluded_from_complete_comparable_ranking_until_scope123_gate_passes,missing_scope_or_scope2_method_keeps_total_partial,false,82,,r163_sysco,SYSCO,西斯科公司,163,F,9.8e-05,,,,9.790000000000001e-05,operational_or_value_chain_scope3,Non-finance company selected Scope 3 row; no PCAF/financed-emissions boundary signal required for the ranking gate.,,2019,Scope 1 | Scope 2,,,,,,,,,,,"Review only. Keep this total out of the complete comparable ranking until Scope 1, selected Scope 2 value/method, Scope 3, and finance Scope 3 boundary where applicable all pass the strong-evidence gate.",仅供复核。Scope 1、选定 Scope 2 数值/方法和 Scope 3 全部通过强证据门禁前，不得进入完整可比排行。
EMISSIONS-RANKING-0083,ranking_row_decision,partial_review_excluded,excluded_from_complete_comparable_ranking_until_scope123_gate_passes,missing_scope_or_scope2_method_keeps_total_partial,false,83,,r130_engie集团,Engie,Engie,130,D,7.8e-05,,,,7.8e-05,operational_or_value_chain_scope3,Non-finance company selected Scope 3 row; no PCAF/financed-emissions boundary signal required for the ranking gate.,,2017,Scope 1 | Scope 2,,,,,,,,,,,"Review only. Keep this total out of the complete comparable ranking until Scope 1, selected Scope 2 value/method, Scope 3, and finance Scope 3 boundary where applicable all pass the strong-evidence gate.",仅供复核。Scope 1、选定 Scope 2 数值/方法和 Scope 3 全部通过强证据门禁前，不得进入完整可比排行。
EMISSIONS-RANKING-0084,ranking_row_decision,partial_review_excluded,excluded_from_complete_comparable_ranking_until_scope123_gate_passes,missing_scope_or_scope2_method_keeps_total_partial,false,84,,r450_sap公司,SAP,SAP,450,C,5.5e-05,,,,5.4999999999999995e-05,operational_or_value_chain_scope3,Non-finance company selected Scope 3 row; no PCAF/financed-emissions boundary signal required for the ranking gate.,,2023,Scope 1 | Scope 2,,,,,,,,,,,"Review only. Keep this total out of the complete comparable ranking until Scope 1, selected Scope 2 value/method, Scope 3, and finance Scope 3 boundary where applicable all pass the strong-evidence gate.",仅供复核。Scope 1、选定 Scope 2 数值/方法和 Scope 3 全部通过强证据门禁前，不得进入完整可比排行。
EMISSIONS-RANKING-0085,ranking_row_decision,partial_review_excluded,excluded_from_complete_comparable_ranking_until_scope123_gate_passes,missing_scope_or_scope2_method_keeps_total_partial,false,85,,r224_zurichinsurancegroup,ZURICH INSURANCE GROUP,苏黎世保险集团,224,J,1.8e-05,,,,1.8e-05,finance_operational_or_value_chain_scope3,Finance-sector company with Scope 3 evidence that appears operational or value-chain rather than PCAF financed-emissions evidence.,,2024,Scope 1 | Scope 2,,,,,,,,,,,"Review only. Keep this total out of the complete comparable ranking until Scope 1, selected Scope 2 value/method, Scope 3, and finance Scope 3 boundary where applicable all pass the strong-evidence gate.",仅供复核。Scope 1、选定 Scope 2 数值/方法和 Scope 3 全部通过强证据门禁前，不得进入完整可比排行。
EMISSIONS-GAP-CANDIDATE-0001,gap_candidate_decision,gap_candidate_review,candidate_page_level_recheck_required_no_auto_promote,missing_or_ambiguous_basic_signals_prevent_upgrade,false,40,,r345_raízen公司,Raízen,Raízen,345,,,,,,,,,,,Scope 2,Scope 2,0.01127042,2024,Market-Based,32,item-1338-raizen-rs24-25-en-d11.pdf,P0_recheck_matched_parts_only,P0_page_level_recheck_required,false,"anchor token 11,270.42 differs from normalized value forms; verify unit scaling","Candidate only. Do not add to complete comparable ranking until source evidence is corrected, the strong gate passes, and reporting_views is rebuilt.",仅候选。源证据修正、强证据门禁通过并重建 reporting_views 前，不得加入完整可比排行。
EMISSIONS-GAP-CANDIDATE-0002,gap_candidate_decision,gap_candidate_review,candidate_page_level_recheck_required_no_auto_promote,missing_or_ambiguous_basic_signals_prevent_upgrade,false,73,,r206_chinavanke,CHINA VANKE,万科企业股份有限公司,206,,,,,,,,,,,Scope 2,Scope 2,0.26132683,2024,Market-Based,45,2024-CHINA VANKE-sustainability-report.pdf,P0_recheck_matched_parts_only,P0_page_level_recheck_required,false,value token not found in snippet; keep as page-level review,"Candidate only. Do not add to complete comparable ranking until source evidence is corrected, the strong gate passes, and reporting_views is rebuilt.",仅候选。源证据修正、强证据门禁通过并重建 reporting_views 前，不得加入完整可比排行。
EMISSIONS-GAP-CANDIDATE-0003,gap_candidate_decision,gap_candidate_review,candidate_page_level_recheck_required_no_auto_promote,missing_or_ambiguous_basic_signals_prevent_upgrade,false,75,,r317_tokyoelectricpower,TOKYO ELECTRIC POWER,东京电力公司,317,,,,,,,,,,,Scope 2,Scope 2,0.446,2024,Market-Based,102,TOKYO ELECTRIC POWER TP2024_en_web_print.pdf,P0_recheck_matched_parts_only,P0_page_level_recheck_required,false,,"Candidate only. Do not add to complete comparable ranking until source evidence is corrected, the strong gate passes, and reporting_views is rebuilt.",仅候选。源证据修正、强证据门禁通过并重建 reporting_views 前，不得加入完整可比排行。
EMISSIONS-GAP-CANDIDATE-0004,gap_candidate_decision,gap_candidate_review,candidate_review_only_no_auto_promote,diagnostic_candidate_outside_p0_packet,false,1,,r183_airbus,AIRBUS,空中客车公司,183,,,,,,,,,,,Scope 3,Scope 3,10.605,,,2,AIRBUS-pm_38_711_711991-us758j55ai.pdf,P1_manual_confidence_upgrade_review,,,,"Candidate only. Do not add to complete comparable ranking until source evidence is corrected, the strong gate passes, and reporting_views is rebuilt.",仅候选。源证据修正、强证据门禁通过并重建 reporting_views 前，不得加入完整可比排行。
EMISSIONS-GAP-CANDIDATE-0005,gap_candidate_decision,gap_candidate_review,candidate_review_only_no_auto_promote,diagnostic_candidate_outside_p0_packet,false,16,,r278_americanairlinesgroup,AMERICAN AIRLINES GROUP,美国航空集团,278,,,,,,,,,,,Scope 3,Scope 3,0.015125,,,81,American-Airlines-Sustainability-Report-2024.pdf,P1_manual_confidence_upgrade_review,,,,"Candidate only. Do not add to complete comparable ranking until source evidence is corrected, the strong gate passes, and reporting_views is rebuilt.",仅候选。源证据修正、强证据门禁通过并重建 reporting_views 前，不得加入完整可比排行。
EMISSIONS-GAP-CANDIDATE-0006,gap_candidate_decision,gap_candidate_review,candidate_review_only_no_auto_promote,diagnostic_candidate_outside_p0_packet,false,17,,r486_linde,LINDE,林德集团,486,,,,,,,,,,,Scope 3,Scope 3,0.53,,,99,2024-LINDE-sustainable-development-report.pdf,P1_manual_confidence_upgrade_review,,,,"Candidate only. Do not add to complete comparable ranking until source evidence is corrected, the strong gate passes, and reporting_views is rebuilt.",仅候选。源证据修正、强证据门禁通过并重建 reporting_views 前，不得加入完整可比排行。
EMISSIONS-GAP-CANDIDATE-0007,gap_candidate_decision,gap_candidate_review,candidate_review_only_no_auto_promote,diagnostic_candidate_outside_p0_packet,false,20,,r132_orlen,ORLEN,波兰国营石油公司,132,,,,,,,,,,,Scope 2,Scope 2,2.510119,,Market-Based,161,Management Board on the Operations of ORLEN Group 2024.pdf.coredownload.pdf,P1_manual_confidence_upgrade_review,,,,"Candidate only. Do not add to complete comparable ranking until source evidence is corrected, the strong gate passes, and reporting_views is rebuilt.",仅候选。源证据修正、强证据门禁通过并重建 reporting_views 前，不得加入完整可比排行。
EMISSIONS-GAP-CANDIDATE-0008,gap_candidate_decision,gap_candidate_review,candidate_review_only_no_auto_promote,diagnostic_candidate_outside_p0_packet,false,24,,r191_generalelectric,GENERAL ELECTRIC,通用电气公司,191,,,,,,,,,,,Scope 1,Scope 1,0.39999999999999997,,,35,GENERAL ELECTRIC-Aerospace 2025-sustainability-report.pdf,P1_manual_confidence_upgrade_review,,,,"Candidate only. Do not add to complete comparable ranking until source evidence is corrected, the strong gate passes, and reporting_views is rebuilt.",仅候选。源证据修正、强证据门禁通过并重建 reporting_views 前，不得加入完整可比排行。
EMISSIONS-GAP-CANDIDATE-0009,gap_candidate_decision,gap_candidate_review,candidate_review_only_no_auto_promote,diagnostic_candidate_outside_p0_packet,false,28,,r024_glencore,GLENCORE,嘉能可,24,,,,,,,,,,,Scope 2,Scope 2,10.9,,,65,Glencore_2024_Sustainability_Report.pdf,P1_manual_confidence_upgrade_review,,,,"Candidate only. Do not add to complete comparable ranking until source evidence is corrected, the strong gate passes, and reporting_views is rebuilt.",仅候选。源证据修正、强证据门禁通过并重建 reporting_views 前，不得加入完整可比排行。
EMISSIONS-GAP-CANDIDATE-0010,gap_candidate_decision,gap_candidate_review,candidate_review_only_no_auto_promote,diagnostic_candidate_outside_p0_packet,false,39,,r101_eon,E.ON,意昂集团,101,,,,,,,,,,,Scope 1,Scope 1,3,,,46,E.ON-GB24-gesamt-EN_final.pdf,P1_manual_confidence_upgrade_review,,,,"Candidate only. Do not add to complete comparable ranking until source evidence is corrected, the strong gate passes, and reporting_views is rebuilt.",仅候选。源证据修正、强证据门禁通过并重建 reporting_views 前，不得加入完整可比排行。
EMISSIONS-GAP-CANDIDATE-0011,gap_candidate_decision,gap_candidate_review,candidate_review_only_no_auto_promote,diagnostic_candidate_outside_p0_packet,false,44,,r073_hyundaimotor,HYUNDAI MOTOR,现代汽车,73,,,,,,,,,,,Scope 3,Scope 3,147.253154,,,135,HYUNDAI MOTOR-hmc-2025-sustainability-report-en-v13.pdf,P1_manual_confidence_upgrade_review,,,,"Candidate only. Do not add to complete comparable ranking until source evidence is corrected, the strong gate passes, and reporting_views is rebuilt.",仅候选。源证据修正、强证据门禁通过并重建 reporting_views 前，不得加入完整可比排行。
EMISSIONS-GAP-CANDIDATE-0012,gap_candidate_decision,gap_candidate_review,candidate_review_only_no_auto_promote,diagnostic_candidate_outside_p0_packet,false,48,,r127_fedex,FEDEX,联邦快递,127,,,,,,,,,,,Scope 1,Scope 1,0.010230999999999999,,,38,FedEx_2025_CR_Report.pdf,P1_manual_confidence_upgrade_review,,,,"Candidate only. Do not add to complete comparable ranking until source evidence is corrected, the strong gate passes, and reporting_views is rebuilt.",仅候选。源证据修正、强证据门禁通过并重建 reporting_views 前，不得加入完整可比排行。
EMISSIONS-GAP-CANDIDATE-0013,gap_candidate_decision,gap_candidate_review,candidate_review_only_no_auto_promote,diagnostic_candidate_outside_p0_packet,false,60,,r262_tjx公司,TJX,TJX,262,,,,,,,,,,,Scope 3,Scope 3,0.0126,,,68,tjx-2025-global-corporate-responsibility-report.pdf,P1_manual_confidence_upgrade_review,,,,"Candidate only. Do not add to complete comparable ranking until source evidence is corrected, the strong gate passes, and reporting_views is rebuilt.",仅候选。源证据修正、强证据门禁通过并重建 reporting_views 前，不得加入完整可比排行。
EMISSIONS-GAP-CANDIDATE-0014,gap_candidate_decision,gap_candidate_review,candidate_review_only_no_auto_promote,diagnostic_candidate_outside_p0_packet,false,80,,r376_abbottlaboratories,ABBOTT LABORATORIES,雅培公司,376,,,,,,,,,,,Scope 2,Scope 2,0.024999999999999998,,Market-Based,47,Abbott-2024-Global-Sustainability-Report-June-2025.pdf,P1_manual_confidence_upgrade_review,,,,"Candidate only. Do not add to complete comparable ranking until source evidence is corrected, the strong gate passes, and reporting_views is rebuilt.",仅候选。源证据修正、强证据门禁通过并重建 reporting_views 前，不得加入完整可比排行。
EMISSIONS-GAP-CANDIDATE-0015,gap_candidate_decision,gap_candidate_review,candidate_review_only_no_auto_promote,diagnostic_candidate_outside_p0_packet,false,23,,r061_valeroenergy,VALERO ENERGY,瓦莱罗能源公司,61,,,,,,,,,,,Scope 2,Scope 2,4.9,2023,Market-Based,20,VALERO ENERGY-2024 ESG Report 0823 FINAL pages.pdf,P1_resolve_conflict,,,,"Candidate only. Do not add to complete comparable ranking until source evidence is corrected, the strong gate passes, and reporting_views is rebuilt.",仅候选。源证据修正、强证据门禁通过并重建 reporting_views 前，不得加入完整可比排行。
EMISSIONS-GAP-CANDIDATE-0016,gap_candidate_decision,gap_candidate_review,candidate_review_only_no_auto_promote,diagnostic_candidate_outside_p0_packet,false,39,,r101_eon,E.ON,意昂集团,101,,,,,,,,,,,Scope 3,Scope 3,60.06,2024,,45,E.ON-GB24-gesamt-EN_final.pdf,P1_resolve_conflict,,,,"Candidate only. Do not add to complete comparable ranking until source evidence is corrected, the strong gate passes, and reporting_views is rebuilt.",仅候选。源证据修正、强证据门禁通过并重建 reporting_views 前，不得加入完整可比排行。
EMISSIONS-GAP-CANDIDATE-0017,gap_candidate_decision,gap_candidate_review,candidate_review_only_no_auto_promote,diagnostic_candidate_outside_p0_packet,false,40,,r345_raízen公司,Raízen,Raízen,345,,,,,,,,,,,Scope 3,Scope 3,13.08621082,2024,,32,item-1338-raizen-rs24-25-en-d11.pdf,P1_resolve_conflict,,,,"Candidate only. Do not add to complete comparable ranking until source evidence is corrected, the strong gate passes, and reporting_views is rebuilt.",仅候选。源证据修正、强证据门禁通过并重建 reporting_views 前，不得加入完整可比排行。
EMISSIONS-GAP-CANDIDATE-0018,gap_candidate_decision,gap_candidate_review,candidate_review_only_no_auto_promote,diagnostic_candidate_outside_p0_packet,false,41,,r017_alphabet公司,Alphabet,Alphabet,17,,,,,,,,,,,Scope 3,Scope 3,12.052999999999999,2024,,105,google-2025-environmental-report.pdf,P1_resolve_conflict,,,,"Candidate only. Do not add to complete comparable ranking until source evidence is corrected, the strong gate passes, and reporting_views is rebuilt.",仅候选。源证据修正、强证据门禁通过并重建 reporting_views 前，不得加入完整可比排行。
EMISSIONS-GAP-CANDIDATE-0019,gap_candidate_decision,gap_candidate_review,candidate_review_only_no_auto_promote,diagnostic_candidate_outside_p0_packet,false,45,,r401_suncorenergy,SUNCOR ENERGY,森科能源公司,401,,,,,,,,,,,Scope 1,Scope 1,27.34,2022,,74,2023_SUNCOR ENERGY_sustainability_report.pdf,P1_resolve_conflict,,,,"Candidate only. Do not add to complete comparable ranking until source evidence is corrected, the strong gate passes, and reporting_views is rebuilt.",仅候选。源证据修正、强证据门禁通过并重建 reporting_views 前，不得加入完整可比排行。
EMISSIONS-GAP-CANDIDATE-0020,gap_candidate_decision,gap_candidate_review,candidate_review_only_no_auto_promote,diagnostic_candidate_outside_p0_packet,false,49,,r235_conocophillips,CONOCOPHILLIPS,康菲石油公司,235,,,,,,,,,,,Scope 1,Scope 1,17.7,2024,,85,2024-sustainability-report CONOCOPHILLIPS.pdf,P1_resolve_conflict,,,,"Candidate only. Do not add to complete comparable ranking until source evidence is corrected, the strong gate passes, and reporting_views is rebuilt.",仅候选。源证据修正、强证据门禁通过并重建 reporting_views 前，不得加入完整可比排行。
EMISSIONS-GAP-CANDIDATE-0021,gap_candidate_decision,gap_candidate_review,candidate_review_only_no_auto_promote,diagnostic_candidate_outside_p0_packet,false,70,,r168_torontodominionbank,TORONTO-DOMINION BANK,多伦多道明银行,168,,,,,,,,,,,Scope 1,Scope 1,0.039292,2024,,56,2024-TORONTO-DOMINION BANK-sustainability-report-en.pdf,P1_resolve_conflict,,,,"Candidate only. Do not add to complete comparable ranking until source evidence is corrected, the strong gate passes, and reporting_views is rebuilt.",仅候选。源证据修正、强证据门禁通过并重建 reporting_views 前，不得加入完整可比排行。
EMISSIONS-GAP-CANDIDATE-0022,gap_candidate_decision,gap_candidate_review,candidate_review_only_no_auto_promote,diagnostic_candidate_outside_p0_packet,false,70,,r168_torontodominionbank,TORONTO-DOMINION BANK,多伦多道明银行,168,,,,,,,,,,,Scope 2,Scope 2,0.076179,2024,Location-Based,56,2024-TORONTO-DOMINION BANK-sustainability-report-en.pdf,P1_resolve_conflict,,,,"Candidate only. Do not add to complete comparable ranking until source evidence is corrected, the strong gate passes, and reporting_views is rebuilt.",仅候选。源证据修正、强证据门禁通过并重建 reporting_views 前，不得加入完整可比排行。
EMISSIONS-GAP-CANDIDATE-0023,gap_candidate_decision,gap_candidate_review,candidate_review_only_no_auto_promote,diagnostic_candidate_outside_p0_packet,false,79,,r374_lufthansagroup,LUFTHANSA GROUP,汉莎集团,374,,,,,,,,,,,Scope 2,Scope 2,0.001,2025,,163,LH-AR-2024-e.pdf,P1_resolve_conflict,,,,"Candidate only. Do not add to complete comparable ranking until source evidence is corrected, the strong gate passes, and reporting_views is rebuilt.",仅候选。源证据修正、强证据门禁通过并重建 reporting_views 前，不得加入完整可比排行。
EMISSIONS-GAP-CANDIDATE-0024,gap_candidate_decision,gap_candidate_review,candidate_review_only_no_auto_promote,diagnostic_candidate_outside_p0_packet,false,83,,r130_engie集团,Engie,Engie,130,,,,,,,,,,,Scope 1,Scope 1,80.489233,2024,,118,ENGIE_DEU_2024_US__PDF_MEL_v3.pdf,P1_resolve_conflict,,,,"Candidate only. Do not add to complete comparable ranking until source evidence is corrected, the strong gate passes, and reporting_views is rebuilt.",仅候选。源证据修正、强证据门禁通过并重建 reporting_views 前，不得加入完整可比排行。
