batch_id,validation_status,technology_id,company_id,company_name_en,world500_rank,project_name_en,measure_name_en,timeline_years,cost_or_investment_en,abatement_effect_en,evidence_page,source_file,snippet_en,decision_reason_en
TECH-COST-P0-0001,accepted_strict_cost_or_investment_evidence,battery_storage,r036_fordmotor,,,BlueOval City and BlueOval SK Battery Park,Planned investment in BlueOval City and BlueOval SK Battery Park,2021 | 2024,$11.4B planned investment announced in 2021.,,7,2025-integrated-sustainability-and-financial-report-FORD MOTOR.pdf,"2021 Announced $11.4B planned investment in BlueOval City and BlueOval SK Battery Park. Launched Ford Pro. Issued $2.5B inaugural Green Bond, the largest non-financial corporate green bond to date.",Accepted as technology-path cost/investment evidence with page-level source binding.
TECH-COST-P0-0002,accepted_strict_cost_or_investment_evidence,low_carbon_fuels,r208_sumitomomitsuifinancialgroup,,,Green loan to Twelve SAF production project,"Providing a USD 20 million green loan to Twelve, a company that converts CO2 into chemical products, supporting a SAF production project",2025,USD 20 million green loan.,Report snippet states SAF has a 90% reduction in CO2 emissions; boundary and baseline require project-level follow-up.,27,SUMITOMO MITSUI FINANCIAL GROUP sustainability_report_e_2025.pdf,"The Transition Finance Playbook case study states that SMFG is providing a green loan of USD 20 million to Twelve, a company with technology that converts CO2 into chemical products, supporting a SAF production project. The same snippet states SAF has a 90% reduction in CO2 emissions.",Accepted as technology-path cost/investment evidence with page-level source binding.
TECH-COST-P0-0003,accepted_strict_cost_or_investment_evidence,energy_efficiency,r261_intel,,,Intel Green Bond project allocation,"Allocating green bond proceeds to HVAC upgrades, heat recovery, greenhouse gas abatement systems and water reclaim facility upgrades",2022 | 2024,"Cumulative USD 639 million allocation, about 51% of a USD 1.25 billion green bond issued in 2022.","Project areas include energy efficiency, renewable electricity and greenhouse gas abatement systems; quantified CO2e abatement is not disclosed in this snippet.",6,INTEL CSR-2024-25-Full-Report.pdf,"Intel states that in its second Annual Green Bond Report, published in 2024, it outlined the allocation of a cumulative USD 639 million, approximately 51% of a USD 1.25 billion green bond issued in 2022. Eligible project areas include pollution prevention and control, water stewardship, energy efficiency, renewable electricity, circular economy and waste management, and green buildings. Recent projects included HVAC upgrades and heat recovery projects, purchases of greenhouse gas abatement systems, and upgrades of water reclaim facilities in Arizona and Oregon.",Accepted as technology-path cost/investment evidence with page-level source binding.
TECH-COST-P0-0004,accepted_strict_cost_or_investment_evidence,battery_storage,r401_suncorenergy,,,Lower-cost vanadium for energy storage initiative,Using vanadium produced at coke-fired boilers as electrolyte input for flow batteries to support low-cost energy storage,2023,Emissions Reduction Alberta invested USD 7 million through the Circular Economy Challenge to support the initiative.,Report states the initiative should support integration of renewable electricity generation and contribute to low-cost storage needed for greater adoption of low-carbon electricity.,17,2023_SUNCOR ENERGY_sustainability_report.pdf,"Suncor reports that vanadium produced at coke-fired boilers produces the electrolyte used in flow batteries. Increasing the use of lower-cost vanadium for the energy storage industry is anticipated to support increased integration of renewable electricity generation into the energy system. Emissions Reduction Alberta invested USD 7 million through the Circular Economy Challenge to support the initiative, which is expected to contribute to low-cost energy storage solutions required for greater adoption of low-carbon electricity generation.",Accepted as technology-path cost/investment evidence with page-level source binding.
TECH-COST-P0-0005,accepted_strict_cost_or_investment_evidence,renewable_power,r101_eon,,,"Energy Retail solar, home energy management, and eMobility investment","Offering solar, home energy management, and eMobility solutions to decarbonize energy supply for customers, cities, and municipalities",2024,"Report states that a large proportion of 2024 investments, totaling EUR 0.5 billion, went to the Energy Retail business division.","Report states the business division helps decarbonize energy supply for business customers, cities, and municipalities; quantified CO2e abatement is not disclosed in this snippet.",29,E.ON-GB24-gesamt-EN_final.pdf,"E.ON reports that the Energy Retail business division helps decarbonize the energy supply of business customers, cities, and municipalities, with offerings including solar, home energy management, and eMobility. The report states that digitalization is founded on technological standards and a cloud strategy, and that a large proportion of investments in 2024, which totaled EUR 0.5 billion, went to this business division.",Accepted as technology-path cost/investment evidence with page-level source binding.
TECH-COST-P0-0006,accepted_strict_cost_or_investment_evidence,energy_efficiency,r261_intel,,,Intel Green Bond eligible green projects,"Allocating green bond proceeds to HVAC upgrades, heat recovery projects, GHG abatement systems, renewable electricity, and green buildings",2022 | 2024,"Report discloses cumulative allocation of USD 639 million, approximately 51% of a USD 1.25 billion green bond issued in 2022.","Report identifies energy efficiency, renewable electricity, green buildings, HVAC upgrades, heat recovery, and greenhouse gas abatement systems as eligible or recent projects; quantified project CO2e abatement is not disclosed in this snippet.",6,INTEL CSR-2024-25-Full-Report.pdf,"Intel reports USD 639 million for green projects in its second Annual Green Bond Report, published in 2024, representing approximately 51% of a USD 1.25 billion green bond issued in 2022. Eligible project areas include pollution prevention and control, water stewardship, energy efficiency, renewable electricity, circular economy and waste management, and green buildings. Recent projects included HVAC upgrades and heat recovery projects, purchases of greenhouse gas abatement systems, and upgrades of water reclaim facilities in Arizona and Oregon.",Accepted as technology-path cost/investment evidence with page-level source binding.
TECH-COST-P0-0007,accepted_strict_cost_or_investment_evidence,low_carbon_fuels,r208_sumitomomitsuifinancialgroup,,,Green loan to Twelve for SAF production,"Providing a green loan to Twelve, a company converting CO2 into chemical products, to support a SAF production project",2025,Report discloses a green loan of USD 20 million to Twelve.,Report states SAF has 90% CO2 emissions reduction in the case-study snippet.,27,SUMITOMO MITSUI FINANCIAL GROUP sustainability_report_e_2025.pdf,"SMFG reports project finance for CCS infrastructure in the UK and a green loan for a new technology venture in the US. The page states SMFG provided a green loan of USD 20 million to Twelve, a company with technology that converts CO2 into chemical products, supporting a SAF production project. The same case-study snippet states SAF has 90% reduction in CO2 emissions.",Accepted as technology-path cost/investment evidence with page-level source binding.
TECH-COST-P0-0008,accepted_strict_cost_or_investment_evidence,renewable_power,r246_ciscosystems,,,Cisco US$39 million decarbonization investment bundle,Investing in renewable energy projects as part of a bundled Scope 1 and 2 reduction plan,2023,"Approximately US$39 million is disclosed for the combined renewable energy, energy efficiency, and building and fleet electrification project bundle; the snippet does not allocate cost by technology.",Report snippet states the investment is intended to reduce Scope 1 and 2 emissions and support near-term target progress; quantified CO2e abatement is not disclosed in this snippet.,31,CISCO SYSTEMS purpose-report-2024.pdf,"To reduce Scope 1 and 2 emissions and make progress on our near-term target, we plan to invest approximately US$39 million in renewable energy, energy efficiency, and building and fleet electrification projects from fiscal 2023 onward.",Accepted as bundled cost/investment evidence; do not read as technology-specific allocated cost.
TECH-COST-P0-0009,accepted_strict_cost_or_investment_evidence,energy_efficiency,r246_ciscosystems,,,Cisco US$39 million decarbonization investment bundle,Investing in energy-efficiency projects as part of a bundled Scope 1 and 2 reduction plan,2023,"Approximately US$39 million is disclosed for the combined renewable energy, energy efficiency, and building and fleet electrification project bundle; the snippet does not allocate cost by technology.",Report snippet states the investment is intended to reduce Scope 1 and 2 emissions and support near-term target progress; quantified CO2e abatement is not disclosed in this snippet.,31,CISCO SYSTEMS purpose-report-2024.pdf,"To reduce Scope 1 and 2 emissions and make progress on our near-term target, we plan to invest approximately US$39 million in renewable energy, energy efficiency, and building and fleet electrification projects from fiscal 2023 onward.",Accepted as bundled cost/investment evidence; do not read as technology-specific allocated cost.
TECH-COST-P0-0010,accepted_strict_cost_or_investment_evidence,electrified_transport,r246_ciscosystems,,,Cisco US$39 million decarbonization investment bundle,Investing in building and fleet electrification projects as part of a bundled Scope 1 and 2 reduction plan,2023,"Approximately US$39 million is disclosed for the combined renewable energy, energy efficiency, and building and fleet electrification project bundle; the snippet does not allocate cost by technology.",Report snippet states the investment is intended to reduce Scope 1 and 2 emissions and support near-term target progress; quantified CO2e abatement is not disclosed in this snippet.,31,CISCO SYSTEMS purpose-report-2024.pdf,"To reduce Scope 1 and 2 emissions and make progress on our near-term target, we plan to invest approximately US$39 million in renewable energy, energy efficiency, and building and fleet electrification projects from fiscal 2023 onward.",Accepted as bundled cost/investment evidence; do not read as technology-specific allocated cost.
TECH-COST-P0-0011,review_missing_or_unquantified_cost_evidence,renewable_power,r001_walmart,,,Building Onsite Energy Generation,"Investing in onsite solutions such as solar panels, wind turbines, and energy storage systems",2024 | 2030,Report states many onsite solutions include cost advantages; no quantified cost is disclosed in this snippet.,,29,FY2025-Walmart-ESG-Report.pdf,"Building Onsite Energy Generation: We are investing in onsite solutions such as solar panels, wind turbines, and energy storage systems to reduce dependency on external power sources. Many of these solutions include cost advantages as well. Between 2024 and the end of 2030, we aim to enable up to 10 gigawatts (GW) of new clean energy projects.","Keep as review: no explicit monetary amount, no investment/cost wording, or wording says cost is not disclosed/unquantified."
TECH-COST-P0-0012,review_missing_or_unquantified_cost_evidence,electrified_transport,r001_walmart,,,Class 8 Heavy-Duty and Yard Truck Innovations,Piloting electric semi-trucks and using electric yard trucks at some facilities,2024,,Report states electric yard trucks demonstrated over a 75% emissions reduction per hour of operation compared to diesel-powered vehicles.,31,FY2025-Walmart-ESG-Report.pdf,"Class 8 Heavy-Duty and Yard Truck Innovations: We support the development of new technologies like renewable diesel, battery-electric, and hydrogen fuels through feasibility testing and collaboration with manufacturers. For example, we are piloting electric semi-trucks in our fleet and currently use electric yard trucks at some facilities, which have demonstrated over a 75% emissions reduction, per hour of operation, compared to diesel-powered vehicles.","Keep as review: no explicit monetary amount, no investment/cost wording, or wording says cost is not disclosed/unquantified."
TECH-COST-P0-0013,review_missing_or_unquantified_cost_evidence,electrified_transport,r002_amazoncom,,,Electric delivery fleet expansion,Deploying electric delivery vans globally and chargers at delivery stations,2024 | 2025 | 2030,,Report describes the eActros 600 heavy goods vehicles joining Amazon's Europe network as zero-tailpipe-emission vehicles; no quantified CO2e avoided amount is disclosed in this snippet.,9,2024-amazon-sustainability-report.pdf,"Expanding our electric delivery fleet by delivering 1.5 billion packages to customers using more than 31,400 electric delivery vans and other EVs. To support our expanding EV network, we installed 11,770 chargers at 50 delivery stations, creating the largest private charging network in the U.S. In early 2025, we also announced our largest order of zero-tailpipe-emission heavy goods vehicles, with more than 200 new Mercedes-Benz Trucks eActros 600 vehicles set to join our transportation network in Europe.","Keep as review: no explicit monetary amount, no investment/cost wording, or wording says cost is not disclosed/unquantified."
TECH-COST-P0-0014,review_missing_or_unquantified_cost_evidence,low_carbon_fuels,r002_amazoncom,,,Scaling lower-carbon fuels,Procured blended sustainable aviation fuel,2024,,,9,2024-amazon-sustainability-report.pdf,"Scaling lower-carbon fuels. In 2024, Amazon procured 3.7 million gallons of blended sustainable aviation fuel (SAF).","Keep as review: no explicit monetary amount, no investment/cost wording, or wording says cost is not disclosed/unquantified."
TECH-COST-P0-0015,review_missing_or_unquantified_cost_evidence,renewable_power,r002_amazoncom,,,Global renewable energy project portfolio,"Renewable energy projects globally, including new projects in 2024",2024,,,9,2024-amazon-sustainability-report.pdf,"621 Total renewable energy projects globally, including 124 new projects, representing 34 GW of capacity.","Keep as review: no explicit monetary amount, no investment/cost wording, or wording says cost is not disclosed/unquantified."
TECH-COST-P0-0016,review_missing_or_unquantified_cost_evidence,renewable_power,r007_apple,,,Supplier Clean Energy Program,Transitioning the energy used to manufacture Apple products to renewable energy,2015 | 2024 | 2030,,Report shows 21.8 million metric tons avoided from supplier clean energy in Apple's comprehensive carbon footprint graphic.,12,Apple_Environmental_Progress_Report_2025.pdf,"Apple's comprehensive carbon footprint shows avoided emissions including 21.8M avoided Supplier clean energy, alongside supplier energy efficiency, direct emissions abatement, low-carbon materials, and use of renewable electricity.","Keep as review: no explicit monetary amount, no investment/cost wording, or wording says cost is not disclosed/unquantified."
TECH-COST-P0-0017,review_missing_or_unquantified_cost_evidence,renewable_power,r023_totalenergies,,,Danish Fields and Cottonwood solar power plants,Commissioned solar power plants with co-located battery storage in southeast Texas,2024,,,24,totalenergies_sustainability-climate-2025-progress-report_2025_en.pdf,"In 2024, TotalEnergies commissioned Danish Fields (720 MW) and Cottonwood (455 MW), two solar power plants with co-located battery storage in southeast Texas. These new projects are part of a portfolio of more than 8 GW of renewable assets in operation in the country.","Keep as review: no explicit monetary amount, no investment/cost wording, or wording says cost is not disclosed/unquantified."
TECH-COST-P0-0018,review_missing_or_unquantified_cost_evidence,energy_efficiency,r031_samsungelectronics,,,LNG use reduction and waste heat recovery,Reduce LNG boiler usage through expansion of waste heat recovery,2023 | 2024 | 2030 | 2050,,Report identifies reduced LNG boiler usage through waste heat recovery as part of Samsung Electronics' DS Division GHG Emission Reduction Roadmap to achieve net zero Scope 1 and 2 emissions.,20,SAMSUNG ELECTRONICS_Sustainability_report_2024_en.pdf,"To reduce the use of LNG boilers, Samsung Electronics will expand the utilization of waste heat and consider introducing electric heat sources. The roadmap includes reducing LNG boiler usage through expansion of waste heat recovery and expanding the utilization of the waste heat recovery system.","Keep as review: no explicit monetary amount, no investment/cost wording, or wording says cost is not disclosed/unquantified."
TECH-COST-P0-0019,review_missing_or_unquantified_cost_evidence,renewable_power,r031_samsungelectronics,,,Korea DS Division solar PPA,PPA with SK E&S and Samsung C&T for renewable energy from a 60 MW solar power plant,2023 | 2024 | 2025,,,21,SAMSUNG ELECTRONICS_Sustainability_report_2024_en.pdf,"The DS Division signed a PPA with SK E&S in Nov. 2023 and with Samsung C&T in Mar. 2024 to supply approximately 76.2 GWh of renewable energy annually from a 60 MW solar power plant for 20 years for a total of 1,466 GWh of renewable energy, starting in 2025. So far, Samsung has installed a total of 2.8 MW of solar power generation facilities and generated 2.8 GWh of energy in 2023 for on-site use.","Keep as review: no explicit monetary amount, no investment/cost wording, or wording says cost is not disclosed/unquantified."
TECH-COST-P0-0020,review_missing_or_unquantified_cost_evidence,renewable_power,r236_pfizer,,,Spain and United States solar VPPAs,VPPAs covering solar projects expected to generate RECs for North America and EU purchased electricity,2025,,,31,Pfizer_2024_Impact_Report_02JUN2025.pdf,"Pfizer invests in no- and low-carbon technologies at its sites and through VPPAs that enable sourcing of renewable energy. VPPAs covering solar projects in Spain and the United States, coming online in 2025, are expected to generate RECs to cover approximately 100% of Pfizer's purchased electricity needs in North America and the EU.","Keep as review: no explicit monetary amount, no investment/cost wording, or wording says cost is not disclosed/unquantified."
TECH-COST-P0-0021,review_missing_or_unquantified_cost_evidence,low_carbon_fuels,r237_deltaairlines,,,Cleaner Fuel SAF scale-up,"SAF deliveries, long-term offtake agreements, Minnesota SAF Hub collaboration, and MSP blending facility launch",2024 | 2025,,"Report states 13M+ gallons of SAF uplifted in 2024 and 119,781 metric tons CO2e avoided.",43,delta-difference-2024-report.pdf,"Cleaner Fuel: Delta signed millions of gallons in long-term offtake agreements with existing and emerging SAF producers. In 2024, Delta more than tripled SAF deliveries compared to 2023, for a total of over 13 million gallons. Delta also collaborated through the Minnesota SAF Hub to produce the first-ever batch of Minnesota crop-based SAF and announced the launching of a SAF blending facility to serve MSP airport. The page states 13M+ gallons of SAF uplifted in 2024 and 119,781 metric tons CO2e avoided.","Keep as review: no explicit monetary amount, no investment/cost wording, or wording says cost is not disclosed/unquantified."
TECH-COST-P0-0022,review_missing_or_unquantified_cost_evidence,renewable_power,r264_riotintogroup,,,Ngarluma Country 80 MW solar farm,Development of an 80 MW solar farm near Karratha to supply renewable energy to Pilbara operations,2024,,Report states the project has potential to reduce natural gas used for generation across Pilbara operations by up to 11% and could reduce emissions by up to 120 kt CO2e when complete.,27,2024-RIO TINTO GROUP-annual-report.pdf,"Together with the Ngarluma Aboriginal Corporation, Rio Tinto is progressing the development of an 80 MW solar farm on Ngarluma Country, near Karratha, to supply renewable energy to Pilbara operations. When complete, this project has the potential to reduce the amount of natural gas currently used for generation across Pilbara operations by up to 11%, and could reduce Rio Tinto's emissions by up to 120 kt CO2e.","Keep as review: no explicit monetary amount, no investment/cost wording, or wording says cost is not disclosed/unquantified."
TECH-COST-P0-0023,review_missing_or_unquantified_cost_evidence,renewable_power,r264_riotintogroup,,,"Monte Cristo, Overberg, and Khangela renewable electricity agreements",Executed wind VPPA and signed wind PPAs to abate Scope 2 emissions and support Richards Bay Minerals,2024 | 2025,,Monte Cristo VPPA is described as abating regional Scope 2 emissions; other abatement is tied to renewable electricity developments.,53,2024-RIO TINTO GROUP-annual-report.pdf,Other renewable electricity developments: commenced construction of solar PV at Gove (10 MW) and Amrun mine (12 MW); executed wind Virtual Power Purchase Agreement (VPPA) (78.5 MW) at Monte Cristo in the US to abate regional Scope 2 emissions; completed construction and commenced operating Diavik diamond mine solar plant (3 MW); commissioned a 5 MW solar plant and commenced construction of Kennecott solar Phase 2 (25 MW); signed a 230 MW wind PPA at Overberg for Richards Bay Minerals and a 140 MW wind PPA at Khangela.,"Keep as review: no explicit monetary amount, no investment/cost wording, or wording says cost is not disclosed/unquantified."
TECH-COST-P0-0024,review_missing_or_unquantified_cost_evidence,battery_storage,r264_riotintogroup,,,Yindjibarndi Energy Corporation renewable energy project,"Project in development including 75 MW solar and potential wind, solar, and battery energy storage systems collaboration",2024,,,27,2024-RIO TINTO GROUP-annual-report.pdf,"Rio Tinto is exploring a renewable energy project with the Yindjibarndi Energy Corporation. Currently in development by YEC, the project includes 75 MW of solar on a greenfield site west of Millstream Chichester National Park on Yindjibarndi Country. It is the first project the parties are exploring together since signing an MOU to collaborate on potential renewable energy opportunities, including wind and solar power and battery energy storage systems.","Keep as review: no explicit monetary amount, no investment/cost wording, or wording says cost is not disclosed/unquantified."
TECH-COST-P0-0025,review_missing_or_unquantified_cost_evidence,renewable_power,r052_phillips66公司,,,Rodeo Renewable Energy Complex solar facility,30.2-megawatt solar facility with NextEra Energy Resources subsidiary to power the Rodeo Complex,2025,Report states renewable power solutions reduce operating costs; no quantified cost is disclosed in this snippet.,"Facility is expected to avoid approximately 33,000 metric tons of carbon dioxide emissions a year and reduce the complex's grid power demand by 50%.",14,Phillips_66_Sustainability_and_People_Report_2025.pdf,"Increasing Renewable Power: Phillips 66 states that it teamed up with a subsidiary of NextEra Energy Resources LLC to power its Rodeo Complex with a 30.2-megawatt solar facility. The facility is designed to generate approximately 60,000 MWh/year of electricity, reduce the complex's grid power demand by 50%, and is expected to avoid approximately 33,000 metric tons of carbon dioxide emissions a year. The facility became fully operational in 2025.","Keep as review: no explicit monetary amount, no investment/cost wording, or wording says cost is not disclosed/unquantified."
TECH-COST-P0-0026,review_missing_or_unquantified_cost_evidence,low_carbon_fuels,r052_phillips66公司,,,Rodeo Renewable Energy Complex conversion,Conversion of the San Francisco Refinery in Rodeo into renewable fuels production,2024,,Report states the complex produces renewable fuels including renewable diesel and SAF with lower life-cycle GHG emissions than conventional fuels.,12,Phillips_66_Sustainability_and_People_Report_2025.pdf,"Expanding Renewable Fuels Production: Phillips 66 states that in 2024 it completed the conversion of its San Francisco Refinery in Rodeo, California, into the Rodeo Renewable Energy Complex. The Rodeo Complex achieved its full processing capacity of 50,000 barrels per day, or 800 million gallons per year, of renewable feedstocks and began producing sustainable aviation fuel.","Keep as review: no explicit monetary amount, no investment/cost wording, or wording says cost is not disclosed/unquantified."
TECH-COST-P0-0027,review_missing_or_unquantified_cost_evidence,renewable_power,r098_eni,,,Plenitude EDPR photovoltaic acquisition and BlueFloat Energy-Sener offshore wind partnership,Agreement to acquire 0.38 GW of photovoltaic capacity in the US and partnership for offshore wind farms in Spain,2024,,,18,eni-for-2024-just-transition.pdf,Main events: Plenitude signed an agreement with EDPR to acquire 0.38 GW of photovoltaic generation capacity in the US. Eni also reports entry into the BlueFloat Energy-Sener Renewable investments partnership for the development of offshore wind farms in Spain.,"Keep as review: no explicit monetary amount, no investment/cost wording, or wording says cost is not disclosed/unquantified."
TECH-COST-P0-0028,review_missing_or_unquantified_cost_evidence,renewable_power,r114_royalaholddelhaize,,,Ahold Delhaize virtual power purchase agreement for five solar power plants,Signed a virtual power purchase agreement supporting financing and construction of five solar power plants,2024,,Report states the VPPA corresponds to approximately 30% of total electricity usage in its European brands.,11,2024_ahold_delhaize_annual_report.pdf,Green power: Ahold Delhaize signed a virtual power purchase agreement to support the financing and construction of five solar power plants. The report states this corresponds to approximately 30% of the total electricity usage in its European brands.,"Keep as review: no explicit monetary amount, no investment/cost wording, or wording says cost is not disclosed/unquantified."
TECH-COST-P0-0029,review_missing_or_unquantified_cost_evidence,renewable_power,r117_adm公司,,,Brazil wind turbine project,Construction of a wind turbine project in Brazil as part of Scope 1 and 2 footprint reduction projects,2023,,Report states ADM delivered a 14.7% reduction in its Scope 1 and 2 footprint in 2023 from projects including transition from coal to natural gas and construction of a wind turbine project in Brazil.,3,final_archer-daniels-midland-adm_2023-corporate-sustainability-report.pdf,ADM states that in 2023 it delivered a 14.7% reduction in its Scope 1 and 2 footprint from projects like transitioning facilities from coal to natural gas and construction of a wind turbine project in Brazil.,"Keep as review: no explicit monetary amount, no investment/cost wording, or wording says cost is not disclosed/unquantified."
TECH-COST-P0-0030,review_missing_or_unquantified_cost_evidence,renewable_power,r480_ecopetrol,,,La Cira Infantas solar farm,56 MWp solar farm in Barrancabermeja for self-consumption,2024,Report states the initiative is part of a reduction of approximately USD 1.6 million in gas consumption.,"Expected to generate up to 76.3 GWh per year and reduce 18,000 tons of CO2 equivalent emissions at Barrancabermeja.",6,2024-ECOPETROL-integrated-management-report.pdf,"Ecopetrol states that in 2024 it inaugurated the La Cira Infantas solar farm in Barrancabermeja, with an installed capacity of 56 MWp for self-consumption, expected to generate up to 76.3 gigawatt-hours per year. The initiative is part of a reduction of approximately USD 1.6 million in gas consumption and 18,000 tons in CO2 equivalent emissions at Barrancabermeja.","Keep as review: no explicit monetary amount, no investment/cost wording, or wording says cost is not disclosed/unquantified."
TECH-COST-P0-0031,review_missing_or_unquantified_cost_evidence,renewable_power,r349_fomentoeconómicomexicano公司,,,Proximity Mexico solar panels at work centers,"Installed 20,250 solar panels at work centers and sourced renewable energy in Proximity Mexico operations",2024,,Report states around 65% of energy consumption in Proximity Mexico came from renewable sources; quantified emissions reduction is not disclosed in this snippet.,44,FEMSA_2024_Annual_Report.pdf,"FEMSA reports that in Proximity Mexico around 65% of energy consumption came from renewable sources and that 20,250 solar panels were installed at work centers. The same page also reports more than 400 electric vehicles in operations.","Keep as review: no explicit monetary amount, no investment/cost wording, or wording says cost is not disclosed/unquantified."
TECH-COST-P0-0032,review_missing_or_unquantified_cost_evidence,renewable_power,r379_日本kddi电信公司,,,Perovskite solar cells on pole-type base stations,"Deployment and social implementation of thin, lightweight perovskite solar cells wrapped around pole-type base stations",2024,,Report states the technology is intended to enable space-efficient power generation compared with traditional solar panels; quantified abatement is not disclosed in this snippet.,20,kddi_sir2024_e.pdf,"KDDI reports that it is focusing on deployment and social implementation of perovskite solar cells, characterized as thin, lightweight, and flexible. The report states these cells can be wrapped around poles installed on pole-type base stations, allowing space-efficient and effective power generation compared to traditional solar panels.","Keep as review: no explicit monetary amount, no investment/cost wording, or wording says cost is not disclosed/unquantified."
TECH-COST-P0-0033,review_missing_or_unquantified_cost_evidence,renewable_power,r400_gsk,,,RE100 renewable electricity procurement and onsite generation program,Purchased renewable electricity and onsite renewably generated electricity as part of Scope 2 renewable electricity target,2024 | 2025 | 2030,,Report states 90% imported renewable electricity in 2024 and energy table reports 852 GWh purchased renewable electricity plus 22 GWh onsite renewably generated electricity.,24,GSK-responsible-business-performance-report-2024.pdf,"GSK reports renewable electricity performance in 2024, including purchased renewable electricity of 852 GWh and onsite renewably generated electricity of 22 GWh. The report also states that GSK reached 90% imported renewable electricity in 2024 and has targets for 100% imported renewable electricity by 2025 and 100% renewable electricity, imported and generated, by 2030.","Keep as review: no explicit monetary amount, no investment/cost wording, or wording says cost is not disclosed/unquantified."
TECH-COST-P0-0034,review_missing_or_unquantified_cost_evidence,renewable_power,r478_siemensenergy,,,Renewable electricity for all Siemens Energy facilities,Using renewable electricity in all facilities around the globe as a lever for climate-neutral operations,2023 | 2030,,Report identifies renewable electricity in all facilities as one lever for reducing Siemens Energy's carbon footprint; quantified abatement is not disclosed in this snippet.,7,SIEMENS ENERGY-sustainability-report-2024-pdf_Original%20file.pdf,"Siemens Energy states that its goal is to be climate neutral within operations by 2030. One lever is using renewable electricity in all facilities around the globe, a target the company says it reached in fiscal year 2023. The same passage also notes reducing energy consumption, increasing electrification in processes and buildings, and transforming the entire car fleet to 100% electric vehicles.","Keep as review: no explicit monetary amount, no investment/cost wording, or wording says cost is not disclosed/unquantified."
TECH-COST-P0-0035,review_missing_or_unquantified_cost_evidence,renewable_power,r487_heineken,,,Brazil and Vietnam biomass use and Spain concentrated solar thermal breweries,Using biomass at two large operating companies and concentrated solar thermal at two Spanish breweries,2024,,Report presents these as success cases for decarbonising operations; quantified abatement is not disclosed in this snippet.,4,heineken_n_v_annual_report_2024_final_20feb2025.pdf,"HEINEKEN reports success cases for decarbonising operations: two of its largest operating companies, Brazil and Vietnam, are using biomass, and two of its breweries in Spain are using concentrated solar thermal to harness the power of the sun.","Keep as review: no explicit monetary amount, no investment/cost wording, or wording says cost is not disclosed/unquantified."
TECH-COST-P0-0036,review_missing_or_unquantified_cost_evidence,electrified_transport,r478_siemensenergy,,,Siemens Energy 100% electric car fleet transformation,Transforming the entire car fleet to 100% electric vehicles as part of climate-neutral operations by 2030,2023 | 2030,,Report identifies fleet electrification as one lever for reducing Siemens Energy's operational carbon footprint; quantified abatement is not disclosed in this snippet.,7,SIEMENS ENERGY-sustainability-report-2024-pdf_Original%20file.pdf,"Siemens Energy states that its goal is to be climate neutral within operations by 2030. One lever is using renewable electricity in all facilities around the globe, a target the company says it reached in fiscal year 2023. The same passage also notes reducing energy consumption, increasing electrification in processes and buildings, and transforming the entire car fleet to 100% electric vehicles.","Keep as review: no explicit monetary amount, no investment/cost wording, or wording says cost is not disclosed/unquantified."
TECH-COST-P0-0037,review_missing_or_unquantified_cost_evidence,energy_efficiency,r478_siemensenergy,,,Siemens Energy process and building electrification program,Increasing electrification in processes and buildings while reducing energy consumption,2023 | 2030,,Report identifies energy consumption reduction and electrification in processes and buildings as operational decarbonization levers; quantified abatement is not disclosed in this snippet.,7,SIEMENS ENERGY-sustainability-report-2024-pdf_Original%20file.pdf,"Siemens Energy states that its goal is to be climate neutral within operations by 2030. One lever is using renewable electricity in all facilities around the globe, a target the company says it reached in fiscal year 2023. The same passage also notes reducing energy consumption, increasing electrification in processes and buildings, and transforming the entire car fleet to 100% electric vehicles.","Keep as review: no explicit monetary amount, no investment/cost wording, or wording says cost is not disclosed/unquantified."
TECH-COST-P0-0038,review_missing_or_unquantified_cost_evidence,renewable_power,r120_nippontelegraphandtelephone,,,Green Power Investment and NTT GX Inno,Bringing Green Power Investment Corporation into the Group and launching NTT GX Inno to leverage renewable energy infrastructure,2024,M&A option and acquisition disclosed; transaction amount is not disclosed in this snippet.,Report states the initiative strengthens solutions that contribute to customers' green transformations; quantified abatement is not disclosed in this snippet.,15,NIPPON TELEGRAPH AND TELEPHONE-integrated_report_24e_p.pdf,"NTT reports that outside the communications business, in the environment and energy field, it brought Green Power Investment Corporation into the Group and is expanding renewable energy sources. It also launched NTT GX Inno, a brand of solutions for green transformation, to leverage renewable energy infrastructure, technology and expertise to strengthen solutions that contribute to customers' green transformations.","Keep as review: no explicit monetary amount, no investment/cost wording, or wording says cost is not disclosed/unquantified."
TECH-COST-P0-0039,review_missing_or_unquantified_cost_evidence,renewable_power,r033_cignagroup,,,Renewable electricity sourcing and EAC procurement,"Sourcing renewable electricity, purchasing Energy Attribute Certificates, and exploring long-term renewable procurement agreements including PPAs and onsite renewables",2022 | 2024 | 2030,Report states strategic investments in building improvements; no quantified renewable-procurement cost is disclosed in this snippet.,Report states Cigna sourced approximately 52% of global power needs from renewable electricity by the end of 2024 and targets 100% renewable electricity by 2030.,50,2024-corporate-impact-report-CIGNA GROUP.pdf,"Cigna reports that it is sourcing renewables and purchasing Energy Attribute Certificates (EACs), committed to sourcing 100% renewable electricity by 2030, joined the global RE100 pledge in 2022, and by the end of 2024 sourced approximately 52% of its global power needs from renewable electricity. The report also states it continues to explore long-term renewable energy procurement agreements, including power purchase agreements and onsite renewables where plausible.","Keep as review: no explicit monetary amount, no investment/cost wording, or wording says cost is not disclosed/unquantified."
TECH-COST-P0-0040,review_missing_or_unquantified_cost_evidence,renewable_power,r208_sumitomomitsuifinancialgroup,,,India wind power and power-supply infrastructure transition finance case,Supporting development of wind power facilities and transmission infrastructure in India through transition finance engagement,2025,Report discloses 46 transition-finance deals executed; individual wind-project financing amount is not disclosed in this snippet.,Report presents wind power and transmission support as renewable-energy expansion and transition finance; quantified project abatement is not disclosed in this snippet.,28,SUMITOMO MITSUI FINANCIAL GROUP sustainability_report_e_2025.pdf,"SMFG's Transition Finance Playbook case studies state that criteria for transition-finance assets are set by region and include India: wind power and power supply infrastructure. The snippet states SMFG is supporting the development of wind power facilities and transmission infrastructure in India, with achievements including 46 deals executed and engagement with 130 companies.","Keep as review: no explicit monetary amount, no investment/cost wording, or wording says cost is not disclosed/unquantified."
TECH-COST-P0-0041,review_missing_or_unquantified_cost_evidence,renewable_power,r440_philipmorrisinternational,,,Zero Carbon Technology initiatives at manufacturing facilities,"Installing heat pumps, e-boilers, hybrid boilers, biomass boilers, and solar panels at five manufacturing facilities",2024,Report describes the Zero Carbon Technology initiatives as climate investments; no quantified capex is disclosed in this snippet.,Report states the initiatives foster renewable-energy transition and emissions reduction across PMI manufacturing sites; quantified CO2e abatement is not disclosed in this snippet.,62,PHILIP MORRIS INTERNATIONAL-integrated-report-2024.pdf,"Philip Morris International reports that through its zero carbon technology initiatives it is fostering the transition to renewable energy and reducing emissions across manufacturing sites. In 2024, this commitment materialized through the installation of heat pumps, e-boilers, hybrid boilers, biomass boilers, and solar panels at five manufacturing facilities.","Keep as review: no explicit monetary amount, no investment/cost wording, or wording says cost is not disclosed/unquantified."
TECH-COST-P0-0042,review_missing_or_unquantified_cost_evidence,renewable_power,r168_torontodominionbank,,,TD Sustainable and Decarbonization Finance eligible renewable-energy category,"Classifying balance-sheet green, social, and sustainability bond purchases and other financing under renewable energy and clean transportation eligible categories",2024,"Report discloses Environment total USD 11.9 billion, including Renewable Energy USD 2.5 billion and Clean Transportation USD 3.2 billion.",Report classifies renewable energy and clean transportation as environmental eligible categories; quantified project CO2e abatement is not disclosed in this snippet.,18,2024-TORONTO-DOMINION BANK-sustainability-report-en.pdf,"TD Bank reports eligible categories for green, social and sustainability bond purchases and other financing during fiscal 2024. The Environment total is USD 11.9 billion, including Renewable Energy USD 2.5 billion, Clean Transportation USD 3.2 billion, Environment Multi-Sector USD 3.5 billion, and Other Environment USD 2.7 billion.","Keep as review: no explicit monetary amount, no investment/cost wording, or wording says cost is not disclosed/unquantified."
TECH-COST-P0-0043,review_missing_or_unquantified_cost_evidence,renewable_power,r247_repsol,,,Installed renewable generation capacity objective,Increasing installed wind and solar renewable generation capacity under the 2024 Annual Budget metric,2024,Report ties the metric to the 2024 Annual Budget but does not disclose the specific budget amount in this snippet.,Report uses installed renewable generation capacity as a decarbonization and sustainability metric; quantified CO2e abatement is not disclosed in this snippet.,11,REPSOL consolidated-statement-non-financial-information-sustainability-information-2024.pdf,"Repsol reports objectives and metrics set out in the CEO's 2024 Annual Variable Remuneration in relation to sustainability. Under Decarbonization and sustainability, the installed renewable generation capacity metric is described as increasing the installed capacity of wind and solar generation in accordance with the provisions of the 2024 Annual Budget. Achievement is calculated against the budgeted increase in renewable generation capacity installed by Repsol in 2024.","Keep as review: no explicit monetary amount, no investment/cost wording, or wording says cost is not disclosed/unquantified."
TECH-COST-P0-0044,review_missing_or_unquantified_cost_evidence,renewable_power,r261_intel,,,Intel Green Bond renewable electricity eligible projects,"Allocating green bond proceeds to eligible renewable electricity projects alongside efficiency, water, circularity, and green-building projects",2022 | 2024 | 2030,"Report discloses cumulative allocation of USD 639 million, approximately 51% of a USD 1.25 billion green bond issued in 2022; the renewable-electricity share is not separately quantified in this snippet.",Report identifies renewable electricity as an eligible green-bond project area and states Intel aims for 100% renewable electricity in operations by 2030; quantified project CO2e abatement is not disclosed in this snippet.,6,INTEL CSR-2024-25-Full-Report.pdf,"Intel reports USD 639 million for green projects in its second Annual Green Bond Report, published in 2024, representing approximately 51% of a USD 1.25 billion green bond issued in 2022. Eligible project areas include pollution prevention and control, water stewardship, energy efficiency, renewable electricity, circular economy and waste management, and green buildings. The report also states Intel aims to achieve 100% renewable electricity in its operations by 2030.","Keep as review: no explicit monetary amount, no investment/cost wording, or wording says cost is not disclosed/unquantified."
TECH-COST-P0-0045,review_missing_or_unquantified_cost_evidence,renewable_power,r241_tdsynnex公司,,,TD SYNNEX renewable energy procurement expansion,Expanding renewable energy procurement and energy efficiency projects across global operations,2022 | 2024 | 2045,Report does not disclose quantified procurement cost or project capex in this snippet.,"Report states Scope 1 and 2 GHG emissions were reduced by nearly 43% over the FY2022 base year, driven in part by renewable energy procurement and energy efficiency projects.",15,TD SYNNEX Corporation FY24 Corporate Citizenship Report.pdf,"TD SYNNEX reports that it reduced Scope 1 and 2 GHG emissions by nearly 43% over its FY2022 base year. The report states this was achieved through a wide range of initiatives across global operations, including expansion of renewable energy procurement and energy efficiency projects, and that the company remains committed to a long-term target of net-zero GHG emissions by 2045.","Keep as review: no explicit monetary amount, no investment/cost wording, or wording says cost is not disclosed/unquantified."
TECH-COST-P0-0046,review_missing_or_unquantified_cost_evidence,renewable_power,r345_raízen公司,,,Raízen distributed solar generation projects,Investing in distributed solar generation projects as part of energy diversification while maintaining biomass-based electricity output,2024 | 2025,Report states investments in distributed solar generation projects; quantified investment amount is not disclosed in this snippet.,Report states biomass-based electricity output remained stable and distributed solar investments support energy diversification; quantified CO2e abatement is not disclosed in this snippet.,22,RAÍZEN-integrated-report-2024-25.pdf,"Raízen reports that sugarcane waste makes mill operations energy self-sufficient and that biomass-based electricity output remained stable despite lower raw material availability. The report states that improvements in boiler efficiency and increased use of sugarcane trash helped mitigate part of the impact, and that Raízen also invested in distributed solar generation projects in line with its broader energy diversification strategy.","Keep as review: no explicit monetary amount, no investment/cost wording, or wording says cost is not disclosed/unquantified."
TECH-COST-P0-0047,review_missing_or_unquantified_cost_evidence,renewable_power,r391_西班牙acs集团,,,ACS sustainable energy project portfolio,"Providing sustainable energy projects including solar parks, power lines, and battery storage to support the electric transition",2024,Report does not disclose quantified project capex in this snippet.,"Report presents solar parks, power lines, battery storage, and sustainable mobility as projects that drive the electric transition toward a green future; quantified CO2e abatement is not disclosed in this snippet.",17,ACS Group Integrated Report 2024.pdf,"ACS reports that its global influence on clients, suppliers, and subcontractors enables it to create sustainable incentives for increased use of green energy and efficient energy-management practices. The report states that by providing sustainable energy projects, including solar parks, power lines, battery storage, and sustainable mobility, ACS drives the electric transition toward a green future.","Keep as review: no explicit monetary amount, no investment/cost wording, or wording says cost is not disclosed/unquantified."
TECH-COST-P0-0048,review_missing_or_unquantified_cost_evidence,renewable_power,r450_sap公司,,,SAP renewable electricity procurement and generation measures,"Using self-generated renewable electricity, certified renewable energy certificates, long-term green electricity contracts, and power purchase agreements",2024,Report mentions investments in certified renewable energy certificates and long-term green electricity contracts but does not disclose quantified cost in this snippet.,Report states renewable energies can be counted toward reductions of greenhouse gas emissions under SAP's market-based approach; quantified CO2e abatement is not disclosed in this snippet.,60,SAP Integrated Report 2024.pdf,"SAP reports that gross greenhouse gas emissions are measured across Scope 1, Scope 2, and relevant Scope 3 emissions as part of its net-zero commitment, applying a market-based approach. The report states that renewable energies, including self-generated renewable electricity, investments in certified renewable energy certificates, long-term green electricity contracts such as power purchase agreements, and renewable electricity purchased by suppliers and customers can be counted toward greenhouse gas emission reductions.","Keep as review: no explicit monetary amount, no investment/cost wording, or wording says cost is not disclosed/unquantified."
TECH-COST-P0-0049,review_missing_or_unquantified_cost_evidence,renewable_power,r489_3m公司,,,3M site conversion to 100% renewable electricity,"Converting sites worldwide to be powered by 100% renewable electricity and seeking solar, wind, and other alternative energy projects",2019 | 2024,Report does not disclose quantified site conversion cost in this snippet.,Report states sites powered by 100% renewable electricity comprised 62.9% of total electricity use at the end of 2024; quantified CO2e abatement is not disclosed in this snippet.,27,3M-2025-Global-Impact-Report.pdf,"3M reports that its energy-footprint management includes evaluating and improving products, manufacturing processes, equipment, and sites. The report states that in 2019 3M began converting sites around the world to be powered by 100% renewable electricity. As of the end of 2024, sites powered by 100% renewable electricity comprised 62.9% of total electricity use, and 3M continues to seek alternative energy sources at sites, including solar, wind, and projects.","Keep as review: no explicit monetary amount, no investment/cost wording, or wording says cost is not disclosed/unquantified."
TECH-COST-P0-0050,review_missing_or_unquantified_cost_evidence,renewable_power,r119_christiandior,,,LIFE 360 renewable and low-carbon energy transition,"Maximizing renewable energy use and targeting exclusive use of renewable or low-carbon energy by production, logistics, administrative, and store sites",2019 | 2024 | 2026 | 2030,Report does not disclose quantified renewable-energy procurement cost in this snippet.,"Report states Scope 1 and 2 GHG emissions were reduced 55.1% versus 2019 and renewable energy reached 71% of the Group energy mix in 2024, with a 100% target for 2026.",91,CHRISTIAN DIOR annual-report-as-of-december-31-2024.pdf,"Christian Dior reports LIFE 360 climate results for 2024. The table states Scope 1 and 2 GHG emissions were reduced 55.1% versus the 2019 baseline, Scope 3 emissions per unit of added value were reduced 32.8%, and the proportion of renewable energy in the Group's energy mix reached 71% in 2024, compared with 63% in 2023, against a 100% target for 2026. The accompanying text describes maximizing renewable energy and targeting exclusive use of renewable or low-carbon energy by production sites, logistics centers, administrative sites, and stores by 2026.","Keep as review: no explicit monetary amount, no investment/cost wording, or wording says cost is not disclosed/unquantified."
TECH-COST-P0-0051,review_missing_or_unquantified_cost_evidence,renewable_power,r262_tjx公司,,,TJX facility solar and renewable-energy program,Installing LED lighting and solar panels in certain facilities and scaling renewable energy sourcing for operations,2017 | 2025 | 2030 | 2040,Report does not disclose quantified cost or capex for the facility solar and renewable-energy measures in this snippet.,Report links the measures to global goals to reduce Scope 1 and 2 GHG emissions by 55% by fiscal 2030 and source 100% renewable energy in operations; quantified project CO2e abatement is not disclosed in this snippet.,3,tjx-2025-global-corporate-responsibility-report.pdf,"TJX reports that it has implemented many environmental programs over the years, including installing LED lighting and adding solar panels in certain facilities, as well as building asset recovery and recycling centers. The report states that its operational environmental initiatives are centered around global goals to reduce Scope 1 and 2 greenhouse gas emissions, scale up sourcing of renewable energy, and divert operational waste from landfill. It also states that by 2030 TJX intends to source 100% renewable energy in operations.","Keep as review: no explicit monetary amount, no investment/cost wording, or wording says cost is not disclosed/unquantified."
TECH-COST-P0-0052,review_missing_or_unquantified_cost_evidence,renewable_power,r357_magnainternational,,,Magna renewable electricity progress program,Building the foundation for the 2025 target of 100% renewable electricity in European operations and tracking renewable energy share,2019 | 2024 | 2025 | 2030,Report does not disclose quantified renewable-electricity procurement cost in this snippet.,Report states Magna continues to build toward a 2025 100% renewable electricity goal in European operations and reports 14.0% of energy consumed as renewable energy in 2024.,6,101227_magna_sustainabilityreport_fy2024_final_cda.pdf,"Magna reports renewable-electricity progress as part of its decarbonization and energy targets. The report states that Magna continues to build a foundation to hit its 2025 target of 100% renewable electricity in European operations and its 2030 science-based targets. Its 2024 energy-management table reports 20,243,182 GJ of aggregate energy consumed and 14.0% of energy consumed as renewable energy.","Keep as review: no explicit monetary amount, no investment/cost wording, or wording says cost is not disclosed/unquantified."
TECH-COST-P0-0053,review_missing_or_unquantified_cost_evidence,renewable_power,r397_xiaomi,,,Xiaomi Supplier Carbon Reduction Program,"Requiring supplier partners to set science-based GHG targets, increase renewable-energy use, and disclose GHG emissions data",2023 | 2030 | 2035 | 2040,Report does not disclose quantified program cost in this snippet.,"Report states Xiaomi worked with 251 direct purchasing suppliers of core products in 2023, supporting validation of GHG data and climate target setting; quantified supplier renewable-energy abatement is not disclosed in this snippet.",40,"Xiaomi 2023 Environmental, Social, and Governance Report.pdf","Xiaomi reports a Supplier Carbon Reduction Program under which supplier partners are required to set science-based GHG emission reduction targets. The program includes criteria for increased utilization of renewable energy and disclosure of GHG emissions data. In 2023, Xiaomi worked closely with 251 direct purchasing suppliers of core products, including component suppliers and manufacturing suppliers, and provided support for validation of GHG emissions data and climate target setting.","Keep as review: no explicit monetary amount, no investment/cost wording, or wording says cost is not disclosed/unquantified."
TECH-COST-P0-0054,review_missing_or_unquantified_cost_evidence,renewable_power,r401_suncorenergy,,,Suncor wind electricity generation metric,Reporting wind electricity generation as part of renewable electricity and fuels production metrics,2019 | 2020 | 2021 | 2022 | 2023,Report does not disclose quantified wind-generation investment cost in this snippet.,"Report discloses wind electricity generation of 100,850 MWh, 98,419 MWh, 96,952 MWh, 114,009 MWh, and 130,660 MWh across the reported time series; quantified CO2e abatement is not disclosed in this snippet.",72,2023_SUNCOR ENERGY_sustainability_report.pdf,"Suncor reports energy production metrics including renewable fuels production, internally consumed and exported generated electricity, and wind electricity generation. The table lists wind electricity generation in MWh across the reported series: 100,850, 98,419, 96,952, 114,009, and 130,660 MWh. The same table reports renewable fuels blended and ethanol production metrics.","Keep as review: no explicit monetary amount, no investment/cost wording, or wording says cost is not disclosed/unquantified."
TECH-COST-P0-0055,review_missing_or_unquantified_cost_evidence,renewable_power,r431_elo集团,,,ELO store solar-panel installation measure,Reducing site carbon footprints through installation of solar panels in stores and related real-estate activity changes,2024,Report does not disclose quantified solar-panel installation cost in this snippet.,Report presents solar-panel installation in stores as a measure to reduce the carbon footprint of sites; quantified CO2e abatement is not disclosed in this snippet.,54,RFA_ELO_2024_EN-1.pdf,"ELO reports adopted or planned changes to strategy or business model in its real-estate activity, including reducing the carbon footprint of sites through installation of solar panels in stores. A related page repeats the measure for sites already open to the public and for new living spaces, alongside other local community actions.","Keep as review: no explicit monetary amount, no investment/cost wording, or wording says cost is not disclosed/unquantified."
TECH-COST-P0-0056,review_missing_or_unquantified_cost_evidence,renewable_power,r082_allianz,,,Allianz own-operations renewable energy and energy-management measures,"Reducing operational footprint through renewable energy, energy efficiency, decarbonized mobility, sustainable IT, lower energy consumption, and renewable-energy targets",2019 | 2024 | 2030,Report does not disclose quantified renewable-energy or energy-efficiency cost in this snippet.,Report states Allianz reduced own-operations GHG emissions per employee by 62% versus the 2019 baseline through lowering energy consumption and meeting renewable-energy targets; quantified project-specific CO2e abatement is not disclosed in this snippet.,74,en-allianz-group-annual-report-2024.pdf,Allianz reports key decarbonization actions including improving energy management across operations and scaling support of renewable energy and low-carbon technologies. The report states that carbon intensity reduction in its proprietary real-estate equity and debt portfolio resulted from increased renewable energy utilization and energy-efficiency improvements. It also states that in own operations Allianz reduced GHG emissions per employee by 62% versus the 2019 baseline through lowering energy consumption and meeting renewable-energy targets.,"Keep as review: no explicit monetary amount, no investment/cost wording, or wording says cost is not disclosed/unquantified."
TECH-COST-P0-0057,review_missing_or_unquantified_cost_evidence,electrified_transport,r163_sysco,,,Sysco Riverside EV Hub and global fleet EV deployment,"Deploying an additional 110 EVs across global fleets and completing the Riverside, California EV Hub",2024,Report snippet does not disclose quantified EV or hub cost.,Report snippet states the measure supported Scope 1 and 2 reductions; quantified CO2e abatement is not disclosed in this snippet.,9,Sysco FY24 Sustainability Report.pdf,"PROGRESS: Supported Scope 1 and 2 reductions by deploying an additional 110 EVs across our global fleets, completing our Riverside, California, EV Hub.","Keep as review: no explicit monetary amount, no investment/cost wording, or wording says cost is not disclosed/unquantified."
TECH-COST-P0-0058,review_missing_or_unquantified_cost_evidence,electrified_transport,r329_astrazeneca,,,AstraZeneca global fleet battery-electric vehicle transition,Transitioning the global fleet to battery electric vehicles,2024,Report snippet does not disclose quantified fleet electrification cost.,Report snippet states over 60% of the global fleet was battery electric vehicles; quantified CO2e abatement is not disclosed in this snippet.,116,AstraZeneca_AR_2024.pdf,"In 2024, we reached the significant milestone of over 60% of our global fleet being battery electric vehicles.","Keep as review: no explicit monetary amount, no investment/cost wording, or wording says cost is not disclosed/unquantified."
TECH-COST-P0-0059,review_missing_or_unquantified_cost_evidence,renewable_power,r353_woolworthsgroup,,,Woolworths 100% renewable electricity pathway,Pathway to source 100% renewable electricity by 2025,2025,Report snippet does not disclose quantified renewable-electricity cost.,"Report snippet states direct emissions had been reduced by 22.9% from the F23 baseline, but does not isolate the contribution of renewable electricity.",4,2025_WOOLWORTHS GROUP_Sustainability_Report_Interactive_SPREADS.pdf,"We are committed to aligning with a 1.5°C future, having reduced our direct emissions by 22.9% from our F23 baseline, with a pathway to 100% renewable electricity by 2025 and 75 electric vehicles in our fleet.","Keep as review: no explicit monetary amount, no investment/cost wording, or wording says cost is not disclosed/unquantified."
TECH-COST-P0-0060,review_missing_or_unquantified_cost_evidence,electrified_transport,r353_woolworthsgroup,,,Woolworths fleet electric vehicles,Deploying 75 electric vehicles in the company fleet,2025,Report snippet does not disclose quantified electric-vehicle cost.,"Report snippet states direct emissions had been reduced by 22.9% from the F23 baseline, but does not isolate the contribution of electric vehicles.",4,2025_WOOLWORTHS GROUP_Sustainability_Report_Interactive_SPREADS.pdf,"We are committed to aligning with a 1.5°C future, having reduced our direct emissions by 22.9% from our F23 baseline, with a pathway to 100% renewable electricity by 2025 and 75 electric vehicles in our fleet.","Keep as review: no explicit monetary amount, no investment/cost wording, or wording says cost is not disclosed/unquantified."
TECH-COST-P0-0061,review_missing_or_unquantified_cost_evidence,low_carbon_fuels,r264_riotintogroup,,,Rio Tinto sustainable biofuel supply-chain investment lever,Investing in sustainable biofuel supply chains as part of own-operations decarbonization,2030 | 2050,Report snippet uses investment wording but does not disclose quantified biofuel supply-chain cost.,Report snippet presents the measure alongside own-operations targets of 50% reduction by 2030 and net zero by 2050; project-specific CO2e abatement is not disclosed in this snippet.,44,2024-RIO TINTO GROUP-annual-report.pdf,"Increase renewable power to >90%. Develop low-carbon technologies for minerals and metals processing, refining and smelting. Invest in sustainable biofuel supply chains.","Keep as review: no explicit monetary amount, no investment/cost wording, or wording says cost is not disclosed/unquantified."
TECH-COST-P0-0062,review_missing_or_unquantified_cost_evidence,energy_efficiency,r426_qualcomm,,,Qualcomm global facilities energy-efficiency investments,Cumulative investments in energy efficiency for global facilities,2024,Report snippet identifies cumulative investments but does not disclose quantified investment cost.,Report snippet states annual avoided CO2e emissions from cumulative energy-efficiency investments for global facilities; the visible snippet does not include the numeric avoided-emissions value.,50,2024-qualcomm-corporate-responsibility-report.pdf,Annual avoided emissions of CO2e due to cumulative investments made for energy efficiency for global facilities.,"Keep as review: no explicit monetary amount, no investment/cost wording, or wording says cost is not disclosed/unquantified."
TECH-COST-P0-0063,review_missing_or_unquantified_cost_evidence,energy_efficiency,r098_eni,,,"Energy saving projects, mainly upstream projects",Primary energy savings compared to baseline consumption,2024,,Energy-saving projects delivered over 308 ktoe/year primary energy savings and approximately 778 thousand tonnes CO2eq emission reduction.,166,ENI-Annual-Report-2024.pdf,"primary energy savings compared to baseline consumption of over 308 ktoe/year deriving mainly from upstream projects (over 82%), with a benefit in terms of emission reduction of approximately 778 thousand tonnes of CO2eq.","Keep as review: no explicit monetary amount, no investment/cost wording, or wording says cost is not disclosed/unquantified."
TECH-COST-P0-0064,review_missing_or_unquantified_cost_evidence,low_carbon_fuels,r107_itochu,,,SAF Flight Initiative / Certificate of CO2 Reduction Effect by SAF,Purchased certificate of CO2 reduction effect by SAF through All Nippon Airways SAF Flight Initiative,2024,,SAF certificate applied in FYE 2024 with a GHG reduction effect of 50 t-CO2e.,110,ITOCHU-ESG report 2024.pdf,"In FYE 2024, the GHG reduction effect of 50 t-CO2e was included applying ?Certificate of CO2 Reduction Effect by SAF? which we purchased through ?SAF Flight Initiative? offered by All Nippon Airways Co., Ltd.","Keep as review: no explicit monetary amount, no investment/cost wording, or wording says cost is not disclosed/unquantified."
TECH-COST-P0-0065,review_missing_or_unquantified_cost_evidence,energy_efficiency,r048_homedepot,,,Customer GHG reduction through purchase and proper use of energy-saving products,Estimated customer emissions reduction from ENERGY STAR and other energy-saving products,2023 | 2024,,"Estimated customer GHG emissions reduction from energy-saving products, including ENERGY STAR products; snippet states 2.5 million MT CO2e in 2023 for ENERGY STAR.",95,2024_ESG_Report_The_Home_Depot.pdf,"Estimated reduction of customers? GHG emissions through the purchase and proper use of energy-saving products (MT CO2e) (includes ENERGY STAR, 2.5 million MT in 2023).","Keep as review: no explicit monetary amount, no investment/cost wording, or wording says cost is not disclosed/unquantified."
