review_priority,recommended_action,standard_id,standard_name_en,standard_name_zh,standard_family_en,standard_family_zh,company_id,world500_rank,company_name_en,company_name_zh,source_files,pages,sample_review_status,sample_confidence,sample_snippet_en,sample_snippet_zh,language_policy
P2_verify_non_ghg_source_quote_scope,"Keep Scope wording only as a source quotation. In UI labels and graph terminology for this non-GHG standard, use direct/indirect emissions or disclosure/assurance wording.",sbti,SBTi,SBTi,Climate target governance system,气候目标治理体系,r001_walmart,1,WALMART,沃尔玛,FY2025-Walmart-ESG-Report.pdf,30,seed_batch_01,medium,"issions across Walmart’s global operations by 2040, reducing absolute Scope 1 & 2 GHG emissions 35% by 2025 and 65% by 2030 from our 2015 base year (interim targets approved as science-based and classified as 1.5°C-aligned by Science Based","issions across Walmart’s global operations by 2040, reducing absolute Scope 1 & 2 GHG emissions 35% by 2025 and 65% by 2030 from our 2015 base year (interim ...",Non-GHG standard: use direct/indirect emissions wording in UI; preserve Scope wording only inside source quotations that require review.
P2_verify_non_ghg_source_quote_scope,"Keep Scope wording only as a source quotation. In UI labels and graph terminology for this non-GHG standard, use direct/indirect emissions or disclosure/assurance wording.",iso_14064_3,ISO 14064-3,ISO 14064-3,ISO assurance system,ISO鉴证体系,r001_walmart,1,WALMART,沃尔玛,FY2025-Walmart-ESG-Report.pdf,7,seed_batch_01,medium,rting Walmart Inc. calculates its GHG emissions footprint estimates in alignment with the Greenhouse Gas Protocol’s Corporate Accounting and Reporting Standard as well as the Corporate Value Chain (Scope 3) Accounting and Reporting Standard,rting Walmart Inc. calculates its GHG emissions footprint estimates in alignment with the Greenhouse Gas Protocol’s Corporate Accounting and Reporting Standa...,Non-GHG standard: use direct/indirect emissions wording in UI; preserve Scope wording only inside source quotations that require review.
P2_verify_non_ghg_source_quote_scope,"Keep Scope wording only as a source quotation. In UI labels and graph terminology for this non-GHG standard, use direct/indirect emissions or disclosure/assurance wording.",iso_14040_14044,ISO 14040/14044,ISO 14040/14044,ISO life-cycle assessment system,ISO生命周期评价体系,r011_volkswagen,11,VOLKSWAGEN,大众公司,2023_Volkswagen_Group_Sustainability_Report.pdf,61,seed_batch_01,medium,"cycling emissions, have been verified externally and inde­ pendently in accordance with the ISO 14040 and ISO 14044 standards. Scope 3 also includes emissions from additional Group entities and regions in some categories that are not direct","cycling emissions, have been verified externally and inde­ pendently in accordance with the ISO 14040 and ISO 14044 standards. Scope 3 also includes emission...",Non-GHG standard: use direct/indirect emissions wording in UI; preserve Scope wording only inside source quotations that require review.
P2_verify_non_ghg_source_quote_scope,"Keep Scope wording only as a source quotation. In UI labels and graph terminology for this non-GHG standard, use direct/indirect emissions or disclosure/assurance wording.",iso_14040_14044,ISO 14040/14044,ISO 14040/14044,ISO life-cycle assessment system,ISO生命周期评价体系,r017_alphabet公司,17,Alphabet,Alphabet,google-2025-environmental-report.pdf,99,seed_batch_13,medium,"d offices, and additional capital goods purchased for Alphabet’s operations. We use a combination of the average-data, and spend-based methods, as defined by the Scope 3 Technical Guidance, as well as LCAs that are in accordance with ISO 14","d offices, and additional capital goods purchased for Alphabet’s operations. We use a combination of the average-data, and spend-based methods, as defined by...",Non-GHG standard: use direct/indirect emissions wording in UI; preserve Scope wording only inside source quotations that require review.
P2_verify_non_ghg_source_quote_scope,"Keep Scope wording only as a source quotation. In UI labels and graph terminology for this non-GHG standard, use direct/indirect emissions or disclosure/assurance wording.",iso_14067,ISO 14067,ISO 14067,ISO product carbon standard,ISO产品碳足迹标准,r017_alphabet公司,17,Alphabet,Alphabet,google-2025-environmental-report.pdf,99,seed_batch_13,medium,"d offices, and additional capital goods purchased for Alphabet’s operations. We use a combination of the average-data, and spend-based methods, as defined by the Scope 3 Technical Guidance, as well as LCAs that are in accordance with ISO 14","d offices, and additional capital goods purchased for Alphabet’s operations. We use a combination of the average-data, and spend-based methods, as defined by...",Non-GHG standard: use direct/indirect emissions wording in UI; preserve Scope wording only inside source quotations that require review.
P2_verify_non_ghg_source_quote_scope,"Keep Scope wording only as a source quotation. In UI labels and graph terminology for this non-GHG standard, use direct/indirect emissions or disclosure/assurance wording.",gri,GRI,GRI,ESG disclosure framework,ESG披露框架,r031_samsungelectronics,31,SAMSUNG ELECTRONICS,三星电子,SAMSUNG ELECTRONICS_Sustainability_report_2024_en.pdf,2,seed_batch_01,medium,"onmental Performance Available Water Resources by Region Performance by Division Facts & Figures 56 57 62 65 66 Independent Assurance Report Verification Statement on Scope 1, 2 Greenhouse Gas Emission Verification Statement on Scope 3 Gree",onmental Performance Available Water Resources by Region Performance by Division Facts & Figures 56 57 62 65 66 Independent Assurance Report Verification Sta...,Non-GHG standard: use direct/indirect emissions wording in UI; preserve Scope wording only inside source quotations that require review.
P2_verify_non_ghg_source_quote_scope,"Keep Scope wording only as a source quotation. In UI labels and graph terminology for this non-GHG standard, use direct/indirect emissions or disclosure/assurance wording.",sasb,SASB,SASB,Industry disclosure framework,行业披露框架,r031_samsungelectronics,31,SAMSUNG ELECTRONICS,三星电子,SAMSUNG ELECTRONICS_Sustainability_report_2024_en.pdf,2,seed_batch_01,medium,"onmental Performance Available Water Resources by Region Performance by Division Facts & Figures 56 57 62 65 66 Independent Assurance Report Verification Statement on Scope 1, 2 Greenhouse Gas Emission Verification Statement on Scope 3 Gree",onmental Performance Available Water Resources by Region Performance by Division Facts & Figures 56 57 62 65 66 Independent Assurance Report Verification Sta...,Non-GHG standard: use direct/indirect emissions wording in UI; preserve Scope wording only inside source quotations that require review.
P2_verify_non_ghg_source_quote_scope,"Keep Scope wording only as a source quotation. In UI labels and graph terminology for this non-GHG standard, use direct/indirect emissions or disclosure/assurance wording.",tcfd,TCFD,TCFD,Climate disclosure framework,气候披露框架,r031_samsungelectronics,31,SAMSUNG ELECTRONICS,三星电子,SAMSUNG ELECTRONICS_Sustainability_report_2024_en.pdf,2,seed_batch_01,medium,"onmental Performance Available Water Resources by Region Performance by Division Facts & Figures 56 57 62 65 66 Independent Assurance Report Verification Statement on Scope 1, 2 Greenhouse Gas Emission Verification Statement on Scope 3 Gree",onmental Performance Available Water Resources by Region Performance by Division Facts & Figures 56 57 62 65 66 Independent Assurance Report Verification Sta...,Non-GHG standard: use direct/indirect emissions wording in UI; preserve Scope wording only inside source quotations that require review.
P2_verify_non_ghg_source_quote_scope,"Keep Scope wording only as a source quotation. In UI labels and graph terminology for this non-GHG standard, use direct/indirect emissions or disclosure/assurance wording.",iso_14064_3,ISO 14064-3,ISO 14064-3,ISO assurance system,ISO鉴证体系,r032_honhaiprecisionindustry,32,HON HAI PRECISION INDUSTRY,鸿海精密工业股份有限公司,鸿海精密工业股份有限公司2024 - 中文完整版.pdf,209,seed_batch_01,medium,"169.66 2,272,277 .12 20,265,302.49 和范畴一 0.00006 0.04972 0.04978 0s — (nd Ht) 0.00264 0.32861 0.33125 i= 资诚PWC 资诚PWC 资诚PWC 诚PWC 资诚PWC 资诚PWC 必维认证(北京)有 限公司 SAE 3410确信淮有 SAE 3410确信淮有 SAE 3410确信淮有 SAE 3410确信淮有 SAE 3410确信淮有 SAE 3410确信淮有 温室气体核算体系-","169.66 2,272,277 .12 20,265,302.49 和范畴一 0.00006 0.04972 0.04978 0s — (nd Ht) 0.00264 0.32861 0.33125 i= 资诚PWC 资诚PWC 资诚PWC 诚PWC 资诚PWC 资诚PWC 必维认证(北京)有 限公司 SAE ...",Non-GHG standard: use direct/indirect emissions wording in UI; preserve Scope wording only inside source quotations that require review.
P2_verify_non_ghg_source_quote_scope,"Keep Scope wording only as a source quotation. In UI labels and graph terminology for this non-GHG standard, use direct/indirect emissions or disclosure/assurance wording.",sbti,SBTi,SBTi,Climate target governance system,气候目标治理体系,r033_cignagroup,33,CIGNA GROUP,信诺集团,2024-corporate-impact-report-CIGNA GROUP.pdf,49,seed_batch_01,medium,"ing, ahead of schedule, our goal of reducing Scope 1 and 2 emissions 50%. We largely achieved our goal through renewable electricity procurement. Next, we’ll refresh our Scope 1 and 2 emissions-reduction goal in line with the Science Based","ing, ahead of schedule, our goal of reducing Scope 1 and 2 emissions 50%. We largely achieved our goal through renewable electricity procurement. Next, we’ll...",Non-GHG standard: use direct/indirect emissions wording in UI; preserve Scope wording only inside source quotations that require review.
P2_verify_non_ghg_source_quote_scope,"Keep Scope wording only as a source quotation. In UI labels and graph terminology for this non-GHG standard, use direct/indirect emissions or disclosure/assurance wording.",gb_t_2589_2020,GB/T 2589-2020,GB/T 2589-2020,Chinese national standard system,中国国家标准体系,r037_bankofchina,37,BANK OF CHINA,中国银行股份有限公司,2024中国银行股份有限公司社会责任报告.pdf,24,seed_batch_02,medium,"、甲烷及氧化亚气，自身运营温室气体排放 承销境内、境外绿色债券改行规模分别位列银行间市声 了 cee syne 了 -本和四 von — _ II, 加 工 IE IS . IAF I 了 7 ~~. 7 7 二日 oR » 7 ~_ 第 、彭情“全球离库绿色债券”排行檬中资同业第一。 为汽油、柴油、天然气、液化天然气、液化石油气、燃料油、煤等化石将料任底产生的 色金融债券和 100 亿元境 接排放;范围二为外购电力和热力隐含的间接排放;范围三类别 5 包括废纸、办公垃圾及","、甲烷及氧化亚气，自身运营温室气体排放 承销境内、境外绿色债券改行规模分别位列银行间市声 了 cee syne 了 -本和四 von — _ II, 加 工 IE IS . IAF I 了 7 ~~. 7 7 二日 oR » 7 ~_ 第 、彭情“全球离库绿色债券”排行檬中资同业第一。 为汽油、柴油、天然气、液化...",Non-GHG standard: use direct/indirect emissions wording in UI; preserve Scope wording only inside source quotations that require review.
P2_verify_non_ghg_source_quote_scope,"Keep Scope wording only as a source quotation. In UI labels and graph terminology for this non-GHG standard, use direct/indirect emissions or disclosure/assurance wording.",sbti,SBTi,SBTi,Climate target governance system,气候目标治理体系,r039_generalmotors,39,GENERAL MOTORS,通用汽车公司,GM_2023_SR.pdf,19,seed_batch_11,medium,use of sold products by 51% per vehicle kilometer by 2035 against a 2018 baseline Global Well-to-Wheel CO2 Emissions Intensity (gCO2e per km) Sales Weighted Average 18 2023 Sustainability Report Note 1 GM’s Scope 3 emissions are calculated,use of sold products by 51% per vehicle kilometer by 2035 against a 2018 baseline Global Well-to-Wheel CO2 Emissions Intensity (gCO2e per km) Sales Weighted ...,Non-GHG standard: use direct/indirect emissions wording in UI; preserve Scope wording only inside source quotations that require review.
P2_verify_non_ghg_source_quote_scope,"Keep Scope wording only as a source quotation. In UI labels and graph terminology for this non-GHG standard, use direct/indirect emissions or disclosure/assurance wording.",sbti,SBTi,SBTi,Climate target governance system,气候目标治理体系,r042_mercedesbenzgroup,42,MERCEDES-BENZ GROUP,梅赛德斯-奔驰集团,mercedes-benz-ir-sustainability-targets-and-metrics-summary-2024.pdf,4,seed_batch_02,medium,"5 Scope 2: Indirect emissions from purchased energy, such as electricity or district heating, which is generated externally but consumed by the Group. The target is based on the market- based approach. 6 The year 2018 was selected as the ba","5 Scope 2: Indirect emissions from purchased energy, such as electricity or district heating, which is generated externally but consumed by the Group. The ta...",Non-GHG standard: use direct/indirect emissions wording in UI; preserve Scope wording only inside source quotations that require review.
P2_verify_non_ghg_source_quote_scope,"Keep Scope wording only as a source quotation. In UI labels and graph terminology for this non-GHG standard, use direct/indirect emissions or disclosure/assurance wording.",tcfd,TCFD,TCFD,Climate disclosure framework,气候披露框架,r046_centene公司,46,Centene,Centene,Centene-Corporate-Responsibility-2024.pdf,51,seed_batch_02,medium,"ange in the context of our business is accounting for our own greenhouse gas (GHG) emissions to measure the impact we have on the environment. For the past several years, we have calculated our scope 1, scope 2 and scope 3 GHG emissions in",ange in the context of our business is accounting for our own greenhouse gas (GHG) emissions to measure the impact we have on the environment. For the past s...,Non-GHG standard: use direct/indirect emissions wording in UI; preserve Scope wording only inside source quotations that require review.
P2_verify_non_ghg_source_quote_scope,"Keep Scope wording only as a source quotation. In UI labels and graph terminology for this non-GHG standard, use direct/indirect emissions or disclosure/assurance wording.",sbti,SBTi,SBTi,Climate target governance system,气候目标治理体系,r049_electricitédefrance,49,ELECTRICITÉ DE FRANCE,法国电力公司,edf-urd-annual-financial-report-2024-en-accessible.pdf,209,seed_batch_11,medium,"3.2.2.1.3.2.3. Reduction of the value chain emissions The EDF group has set targets for reducing its indirect Scope 3 emission to 2030, both for the whole of Scope 3 and specifically for the part of Scope 3 associated with gas sales to its","3.2.2.1.3.2.3. Reduction of the value chain emissions The EDF group has set targets for reducing its indirect Scope 3 emission to 2030, both for the whole of...",Non-GHG standard: use direct/indirect emissions wording in UI; preserve Scope wording only inside source quotations that require review.
P2_verify_non_ghg_source_quote_scope,"Keep Scope wording only as a source quotation. In UI labels and graph terminology for this non-GHG standard, use direct/indirect emissions or disclosure/assurance wording.",gb_t_2589_2020,GB/T 2589-2020,GB/T 2589-2020,Chinese national standard system,中国国家标准体系,r053_pinganinsurance,53,PING AN INSURANCE,中国平安保险（集团）股份有限公司,2024中国平安可持续报告.pdf,171,seed_batch_11,medium,"张使用和差旅温室气体排放 ( 吨二和氧化碳当量 ) 68,941 68,921 37,434 范围一、二、三温室气体排放总量 ( 吨二氧化碳当量 ) 439,291 478,606 492,710 人均温室气体排放量 ( 吨二氧化碳当量/人) 1.56 1.51 1.43 天1. 本集团环境数据的边界范围为集团主要成员公司范围，不包括自营物业。集团主要成员公司范围指本集团总部以及寿险及健康险、财产保险、银行、资产管理等主要业务经营范围内的子公司、联营及合营公司。组织边界确定及","张使用和差旅温室气体排放 ( 吨二和氧化碳当量 ) 68,941 68,921 37,434 范围一、二、三温室气体排放总量 ( 吨二氧化碳当量 ) 439,291 478,606 492,710 人均温室气体排放量 ( 吨二氧化碳当量/人) 1.56 1.51 1.43 天1. 本集团环境数据的边界范围为集团主...",Non-GHG standard: use direct/indirect emissions wording in UI; preserve Scope wording only inside source quotations that require review.
P2_verify_non_ghg_source_quote_scope,"Keep Scope wording only as a source quotation. In UI labels and graph terminology for this non-GHG standard, use direct/indirect emissions or disclosure/assurance wording.",sbti,SBTi,SBTi,Climate target governance system,气候目标治理体系,r068_verizoncommunications,68,VERIZON COMMUNICATIONS,威瑞森电信,Verizon-2023-ESG-Report.pdf,41,seed_batch_13,medium,"nt to 13% of electricity usage Target: Expect to source renewable energy equivalent to 100% of our annual electricity usage By 2030 * Scope 1, 2 and 3 emissions are independently assured. ** These targets were approved by the Science Based","nt to 13% of electricity usage Target: Expect to source renewable energy equivalent to 100% of our annual electricity usage By 2030 * Scope 1, 2 and 3 emissi...",Non-GHG standard: use direct/indirect emissions wording in UI; preserve Scope wording only inside source quotations that require review.
P2_verify_non_ghg_source_quote_scope,"Keep Scope wording only as a source quotation. In UI labels and graph terminology for this non-GHG standard, use direct/indirect emissions or disclosure/assurance wording.",gri,GRI,GRI,ESG disclosure framework,ESG披露框架,r071_citicgroup,71,CITIC GROUP,中国中信集团有限公司,2024中国中信集团有限公司环境、社会及管治报告.pdf,4,seed_batch_02,medium,"特 殊普通合伙) 对本报告中的选定关键数据执行有限鉴证业务，并出 如无特别说明，本报告披露范围与4 的范围一致。本报告关键绩效指标数据统计时间为 2024年1月1 独立鉴证报告。 报及《2023 年环境、 社会及管治报告》所涵盖 1253148, 部分内容延续 2025年3月28 。本报告已 2025 年3 经董事会审议通过。 J 28 本报告内容遵循香港联合交易所《3 守则》，并参考全球可持续发 Standards)。相关内容索引载了 PALL) 附录 C2 《环境、社会及","特 殊普通合伙) 对本报告中的选定关键数据执行有限鉴证业务，并出 如无特别说明，本报告披露范围与4 的范围一致。本报告关键绩效指标数据统计时间为 2024年1月1 独立鉴证报告。 报及《2023 年环境、 社会及管治报告》所涵盖 1253148, 部分内容延续 2025年3月28 。本报告已 2025 年3 经董...",Non-GHG standard: use direct/indirect emissions wording in UI; preserve Scope wording only inside source quotations that require review.
P2_verify_non_ghg_source_quote_scope,"Keep Scope wording only as a source quotation. In UI labels and graph terminology for this non-GHG standard, use direct/indirect emissions or disclosure/assurance wording.",iso_14064,ISO 14064,ISO 14064,GHG accounting system,温室气体核算体系,r090_target,90,TARGET,塔吉特公司,TARGET-2024-Sustainability-and-Governance-Report-Appendix.pdf,7,seed_batch_03,medium,"ivalent (mtCO 2 e) or Giga Joules (GJ). The reductions in GHG emissions occurred in direct (scope 1) and indirect (scope 2) emissions. Gases included in the calculation: CO 2 , CH 4 , N 2 O and HFCs. Scope 1 and 2 reporting is organized in",ivalent (mtCO 2 e) or Giga Joules (GJ). The reductions in GHG emissions occurred in direct (scope 1) and indirect (scope 2) emissions. Gases included in the ...,Non-GHG standard: use direct/indirect emissions wording in UI; preserve Scope wording only inside source quotations that require review.
P2_verify_non_ghg_source_quote_scope,"Keep Scope wording only as a source quotation. In UI labels and graph terminology for this non-GHG standard, use direct/indirect emissions or disclosure/assurance wording.",tcfd,TCFD,TCFD,Climate disclosure framework,气候披露框架,r094_statefarminsurance,94,STATE FARM INSURANCE,州立农业保险公司,State_Farm_2024_Impact_Report.pdf,19,seed_batch_11,medium,"emissions from 202,004 metric tons of CO2e to under 91,000 metric tons in 2024.** Our commitment to sustainability drives us to continue reducing our Scope 1 and 2 GHG emissions beyond our current goal. A breakdown of reductions will be ava","emissions from 202,004 metric tons of CO2e to under 91,000 metric tons in 2024.** Our commitment to sustainability drives us to continue reducing our Scope 1...",Non-GHG standard: use direct/indirect emissions wording in UI; preserve Scope wording only inside source quotations that require review.
P2_verify_non_ghg_source_quote_scope,"Keep Scope wording only as a source quotation. In UI labels and graph terminology for this non-GHG standard, use direct/indirect emissions or disclosure/assurance wording.",iso_14064_3,ISO 14064-3,ISO 14064-3,ISO assurance system,ISO鉴证体系,r097_enel,97,ENEL,意大利国家电力公司,ENEL-integrated-annual-report_2024.pdf,145,seed_batch_13,medium,e for Scope 3 emissions included in the field of application of the in- ventory. The audit was conducted according to Stand- ard ISO 14064-3 for the compliance of greenhouse gas (GHG) inventories with the WBCSD/WRI Corporate Accounting and,e for Scope 3 emissions included in the field of application of the in- ventory. The audit was conducted according to Stand- ard ISO 14064-3 for the complian...,Non-GHG standard: use direct/indirect emissions wording in UI; preserve Scope wording only inside source quotations that require review.
P2_verify_non_ghg_source_quote_scope,"Keep Scope wording only as a source quotation. In UI labels and graph terminology for this non-GHG standard, use direct/indirect emissions or disclosure/assurance wording.",iso_14064_3,ISO 14064-3,ISO 14064-3,ISO assurance system,ISO鉴证体系,r100_sk集团,100,SK,SK,2025_SK-Inc_Sustainability Report_KOR.pdf,195,seed_batch_11,medium,"증절차를 수행하였습니다. Assurance 검증 범위 검증 기준 및 절차 검증 수준 검증 결론 Scope 1, 2 온실가스 배출량 한국표준협회는 다음의 기준 및 절차에 따라 검증을 수행하였습니다. · 온실가스 배출권거래제의 배출량 보고 및 인증에 관한 지침(환경부고시 제2024-155호) · 온실가스 배출권거래제 운영을 위한 검증지침(환경부고시 제2024-169호) · 2006 IPCC Guidelines, KS I ISO14","증절차를 수행하였습니다. Assurance 검증 범위 검증 기준 및 절차 검증 수준 검증 결론 Scope 1, 2 온실가스 배출량 한국표준협회는 다음의 기준 및 절차에 따라 검증을 수행하였습니다. · 온실가스 배출권거래제의 배출량 보고 및 인증에 관한 지침(환경부고시 제2024-1...",Non-GHG standard: use direct/indirect emissions wording in UI; preserve Scope wording only inside source quotations that require review.
P2_verify_non_ghg_source_quote_scope,"Keep Scope wording only as a source quotation. In UI labels and graph terminology for this non-GHG standard, use direct/indirect emissions or disclosure/assurance wording.",sbti,SBTi,SBTi,Climate target governance system,气候目标治理体系,r105_boschgroup,105,BOSCH GROUP,博世集团,bosch-sustainability-report-2024.pdf,32,seed_batch_13,medium,Climate action at Bosch – the path to 2030 CO₂ emissions (scope 1 & 2) in millions of metric tons Emissions without carbon offsets Carbon offsets Emissions avoided compared with the baseline year 2018 G 12 3.3 2018 0.9 2020 0.9 2021 0.6 202,Climate action at Bosch – the path to 2030 CO₂ emissions (scope 1 & 2) in millions of metric tons Emissions without carbon offsets Carbon offsets Emissions a...,Non-GHG standard: use direct/indirect emissions wording in UI; preserve Scope wording only inside source quotations that require review.
P2_verify_non_ghg_source_quote_scope,"Keep Scope wording only as a source quotation. In UI labels and graph terminology for this non-GHG standard, use direct/indirect emissions or disclosure/assurance wording.",sbti,SBTi,SBTi,Climate target governance system,气候目标治理体系,r117_adm公司,117,ADM,ADM,final_archer-daniels-midland-adm_2023-corporate-sustainability-report.pdf,23,seed_batch_03,medium,"Scope 1 + 2 Carbon Reduction As previously disclosed, ADM committed to submitting a near-term GHG emission reduction target in alignment with the Science-based Targets Initiative’s (SBTi) target-setting criteria. We are pleased to announce","Scope 1 + 2 Carbon Reduction As previously disclosed, ADM committed to submitting a near-term GHG emission reduction target in alignment with the Science-bas...",Non-GHG standard: use direct/indirect emissions wording in UI; preserve Scope wording only inside source quotations that require review.
P2_verify_non_ghg_source_quote_scope,"Keep Scope wording only as a source quotation. In UI labels and graph terminology for this non-GHG standard, use direct/indirect emissions or disclosure/assurance wording.",iso_14064_3,ISO 14064-3,ISO 14064-3,ISO assurance system,ISO鉴证体系,r117_adm公司,117,ADM,ADM,final_archer-daniels-midland-adm_2023-corporate-sustainability-report.pdf,50,seed_batch_03,medium,") 733-2739 * www.apexcos.com DAN APEX roa Period covered by GHG emissions verification: © January 1, 2023 to December 31, 2023 Criteria against which verification conducted: ‘+ The Climate Registry General Reporting Protocol (Scope 1 and Sc",") 733-2739 * www.apexcos.com DAN APEX roa Period covered by GHG emissions verification: © January 1, 2023 to December 31, 2023 Criteria against which verific...",Non-GHG standard: use direct/indirect emissions wording in UI; preserve Scope wording only inside source quotations that require review.
P2_verify_non_ghg_source_quote_scope,"Keep Scope wording only as a source quotation. In UI labels and graph terminology for this non-GHG standard, use direct/indirect emissions or disclosure/assurance wording.",sbti,SBTi,SBTi,Climate target governance system,气候目标治理体系,r122_carrefour,122,CARREFOUR,家乐福,Carrefour_2024_Universal_Registration_Document.pdf,93,seed_batch_12,medium,"ational Agreement on Plastic Packaging Reducing Scope 3 greenhouse gas emissions Adapting products and supply chains to climate change Scientific experts and consultants Definition of industry‑level/ national strategies Partnerships EY, ICa",ational Agreement on Plastic Packaging Reducing Scope 3 greenhouse gas emissions Adapting products and supply chains to climate change Scientific experts and...,Non-GHG standard: use direct/indirect emissions wording in UI; preserve Scope wording only inside source quotations that require review.
P2_verify_non_ghg_source_quote_scope,"Keep Scope wording only as a source quotation. In UI labels and graph terminology for this non-GHG standard, use direct/indirect emissions or disclosure/assurance wording.",sbti,SBTi,SBTi,Climate target governance system,气候目标治理体系,r123_pepsico,123,PEPSICO,百事公司,PEPSICO-2024-esg-summary-esg-performance-metrics.pdf,7,seed_batch_03,medium,"s to drive scalable positive impact Climate Transition Plan: PepsiCo publishes its Climate Transition Plan, which details updated Scope 1, 2, and 3 greenhouse gas (GHG) emissions reduction targets to align to 1.5°C, reflecting Science Based","s to drive scalable positive impact Climate Transition Plan: PepsiCo publishes its Climate Transition Plan, which details updated Scope 1, 2, and 3 greenhous...",Non-GHG standard: use direct/indirect emissions wording in UI; preserve Scope wording only inside source quotations that require review.
P2_verify_non_ghg_source_quote_scope,"Keep Scope wording only as a source quotation. In UI labels and graph terminology for this non-GHG standard, use direct/indirect emissions or disclosure/assurance wording.",sbti,SBTi,SBTi,Climate target governance system,气候目标治理体系,r140_tesco,140,TESCO,乐购,tesco-sustainability-report-2025.pdf,9,seed_batch_04,medium,"n more about our planet plan Jump to Databook Carbon-neutral operations by 2035, with interim targets to: Reduce absolute Scope 1 and 2 emissions by 60% by December 2025 (baseline 2015/16). Reduce absolute Scope 1 and 2 emissions by 85% by","n more about our planet plan Jump to Databook Carbon-neutral operations by 2035, with interim targets to: Reduce absolute Scope 1 and 2 emissions by 60% by D...",Non-GHG standard: use direct/indirect emissions wording in UI; preserve Scope wording only inside source quotations that require review.
P2_verify_non_ghg_source_quote_scope,"Keep Scope wording only as a source quotation. In UI labels and graph terminology for this non-GHG standard, use direct/indirect emissions or disclosure/assurance wording.",sbti,SBTi,SBTi,Climate target governance system,气候目标治理体系,r145_siemens,145,SIEMENS,西门子,SIEMENS ENERGY-sustainability-report-2024-pdf_Original%20file.pdf,6,seed_batch_04,medium,"ts. Clearly, it’s here we have the opportunity to make a major difference – and we’re already building new partnerships and working collaboratively with our customers to achieve this. Our goal is to reduce these Scope 3 downstream emissions","ts. Clearly, it’s here we have the opportunity to make a major difference – and we’re already building new partnerships and working collaboratively with our ...",Non-GHG standard: use direct/indirect emissions wording in UI; preserve Scope wording only inside source quotations that require review.
P2_verify_non_ghg_source_quote_scope,"Keep Scope wording only as a source quotation. In UI labels and graph terminology for this non-GHG standard, use direct/indirect emissions or disclosure/assurance wording.",esrs_csrd,ESRS/CSRD,ESRS/CSRD,EU sustainability disclosure regime,欧盟可持续披露体系,r145_siemens,145,SIEMENS,西门子,SIEMENS ENERGY-sustainability-report-2024-pdf_Original%20file.pdf,8,seed_batch_04,medium,ion. I think this shows our commitment to understand- ing and calculating Scope 3 emissions and how serious we are about man- aging them. This is going to become more and more relevant going for- ward with the new Corporate Sustainability R,ion. I think this shows our commitment to understand- ing and calculating Scope 3 emissions and how serious we are about man- aging them. This is going to be...,Non-GHG standard: use direct/indirect emissions wording in UI; preserve Scope wording only inside source quotations that require review.
P2_verify_non_ghg_source_quote_scope,"Keep Scope wording only as a source quotation. In UI labels and graph terminology for this non-GHG standard, use direct/indirect emissions or disclosure/assurance wording.",sbti,SBTi,SBTi,Climate target governance system,气候目标治理体系,r168_torontodominionbank,168,TORONTO-DOMINION BANK,多伦多道明银行,2024-TORONTO-DOMINION BANK-sustainability-report-en.pdf,58,seed_batch_05,medium,"target to achieve an absolute reduction in our location-based Scope 1 and 2 GHG emissions of 25% by 2025, relative to a 2019 baseline.57 This interim target is aligned with a science-based 1.5°C pathway and was set using the Science-Based T","target to achieve an absolute reduction in our location-based Scope 1 and 2 GHG emissions of 25% by 2025, relative to a 2019 baseline.57 This interim target ...",Non-GHG standard: use direct/indirect emissions wording in UI; preserve Scope wording only inside source quotations that require review.
P2_verify_non_ghg_source_quote_scope,"Keep Scope wording only as a source quotation. In UI labels and graph terminology for this non-GHG standard, use direct/indirect emissions or disclosure/assurance wording.",pcaf,PCAF,PCAF,Financed emissions accounting system,投融资排放核算体系,r168_torontodominionbank,168,TORONTO-DOMINION BANK,多伦多道明银行,2024-TORONTO-DOMINION BANK-sustainability-report-en.pdf,60,seed_batch_05,medium,"tors, their Scope 3 emissions, attributed to the Bank based on the proportion of the Bank’s lending to or investing in the client company. Financed emissions are calculated in accordance with the guidance from the Partnership for Carbon Acc","tors, their Scope 3 emissions, attributed to the Bank based on the proportion of the Bank’s lending to or investing in the client company. Financed emissions...",Non-GHG standard: use direct/indirect emissions wording in UI; preserve Scope wording only inside source quotations that require review.
P2_verify_non_ghg_source_quote_scope,"Keep Scope wording only as a source quotation. In UI labels and graph terminology for this non-GHG standard, use direct/indirect emissions or disclosure/assurance wording.",sbti,SBTi,SBTi,Climate target governance system,气候目标治理体系,r199_caterpillar,199,CATERPILLAR,卡特彼勒,CATERPILLAR 2024 SUSTAINABILITY REPORT.pdf,69,seed_batch_05,medium,uracy and consistency in electrical grid energy data for U.S. locations. The goal remains unchanged at 30% and is aligned to the SBTi methodology guidance at the time of goal setting. 9. Location-based Scope 2 GHG emissions are provided in,uracy and consistency in electrical grid energy data for U.S. locations. The goal remains unchanged at 30% and is aligned to the SBTi methodology guidance at...,Non-GHG standard: use direct/indirect emissions wording in UI; preserve Scope wording only inside source quotations that require review.
P2_verify_non_ghg_source_quote_scope,"Keep Scope wording only as a source quotation. In UI labels and graph terminology for this non-GHG standard, use direct/indirect emissions or disclosure/assurance wording.",esrs_csrd,ESRS/CSRD,ESRS/CSRD,EU sustainability disclosure regime,欧盟可持续披露体系,r215_munichregroup,215,MUNICH RE GROUP,慕尼黑再保险集团,MunichRe-Group-Annual-Report-2024-en.pdf,61,seed_batch_05,medium,"tary disclosures on scope 3 financed emissions, deriving from the standards published to date by the International Sustainability Standards Board (ISSB): IFRS S1 General Requirements for Disclosure of Sustainability-related Financial Inform","tary disclosures on scope 3 financed emissions, deriving from the standards published to date by the International Sustainability Standards Board (ISSB): IFR...",Non-GHG standard: use direct/indirect emissions wording in UI; preserve Scope wording only inside source quotations that require review.
P2_verify_non_ghg_source_quote_scope,"Keep Scope wording only as a source quotation. In UI labels and graph terminology for this non-GHG standard, use direct/indirect emissions or disclosure/assurance wording.",ifrs_s2,IFRS S2,IFRS S2,Climate disclosure standard,气候披露标准,r215_munichregroup,215,MUNICH RE GROUP,慕尼黑再保险集团,MunichRe-Group-Annual-Report-2024-en.pdf,61,seed_batch_05,medium,"tary disclosures on scope 3 financed emissions, deriving from the standards published to date by the International Sustainability Standards Board (ISSB): IFRS S1 General Requirements for Disclosure of Sustainability-related Financial Inform","tary disclosures on scope 3 financed emissions, deriving from the standards published to date by the International Sustainability Standards Board (ISSB): IFR...",Non-GHG standard: use direct/indirect emissions wording in UI; preserve Scope wording only inside source quotations that require review.
P2_verify_non_ghg_source_quote_scope,"Keep Scope wording only as a source quotation. In UI labels and graph terminology for this non-GHG standard, use direct/indirect emissions or disclosure/assurance wording.",pcaf,PCAF,PCAF,Financed emissions accounting system,投融资排放核算体系,r217_bancodobrasil,217,BANCO DO BRASIL,巴西银行,BANCO DO BRASIL Annual Report - 2024.pdf,33,seed_batch_05,medium,"ty), in relation to the 2023 financial year, by June 30, 2024. Accountability Measurement of financed scope 3 category 15 emissions (absolute and intensity), Business Loans asset class, in line with the recommendations of the Science Based","ty), in relation to the 2023 financial year, by June 30, 2024. Accountability Measurement of financed scope 3 category 15 emissions (absolute and intensity),...",Non-GHG standard: use direct/indirect emissions wording in UI; preserve Scope wording only inside source quotations that require review.
P2_verify_non_ghg_source_quote_scope,"Keep Scope wording only as a source quotation. In UI labels and graph terminology for this non-GHG standard, use direct/indirect emissions or disclosure/assurance wording.",sbti,SBTi,SBTi,Climate target governance system,气候目标治理体系,r217_bancodobrasil,217,BANCO DO BRASIL,巴西银行,BANCO DO BRASIL Annual Report - 2024.pdf,33,seed_batch_05,medium,"ty), in relation to the 2023 financial year, by June 30, 2024. Accountability Measurement of financed scope 3 category 15 emissions (absolute and intensity), Business Loans asset class, in line with the recommendations of the Science Based","ty), in relation to the 2023 financial year, by June 30, 2024. Accountability Measurement of financed scope 3 category 15 emissions (absolute and intensity),...",Non-GHG standard: use direct/indirect emissions wording in UI; preserve Scope wording only inside source quotations that require review.
P2_verify_non_ghg_source_quote_scope,"Keep Scope wording only as a source quotation. In UI labels and graph terminology for this non-GHG standard, use direct/indirect emissions or disclosure/assurance wording.",pcaf,PCAF,PCAF,Financed emissions accounting system,投融资排放核算体系,r224_zurichinsurancegroup,224,ZURICH INSURANCE GROUP,苏黎世保险集团,ZURICH INSURANCE GROUP sustainability-report-2024.pdf,13,seed_batch_06,medium,nability report Risk review Financial review Zurich Insurance Group Annual Report 2024 127 Introduction | Governance | Planet | Customers | People 1 1Determined by scope 1& 2 for our customers’ emissions using the Partnership for Carbon Acc,nability report Risk review Financial review Zurich Insurance Group Annual Report 2024 127 Introduction | Governance | Planet | Customers | People 1 1Determi...,Non-GHG standard: use direct/indirect emissions wording in UI; preserve Scope wording only inside source quotations that require review.
P2_verify_non_ghg_source_quote_scope,"Keep Scope wording only as a source quotation. In UI labels and graph terminology for this non-GHG standard, use direct/indirect emissions or disclosure/assurance wording.",sbti,SBTi,SBTi,Climate target governance system,气候目标治理体系,r241_tdsynnex公司,241,TD Synnex,TD Synnex,tdsynnex-fy2024-ccr-ada.pdf,3,seed_batch_06,medium,"the entire IT ecosystem. As we do so, we’re translating our ambitions into action and delivering on key commitments. I’m proud to report that we’ve achieved our 2030 Scope 1 and 2 reduction targets, which are validated by the Science Based","the entire IT ecosystem. As we do so, we’re translating our ambitions into action and delivering on key commitments. I’m proud to report that we’ve achieved ...",Non-GHG standard: use direct/indirect emissions wording in UI; preserve Scope wording only inside source quotations that require review.
P2_verify_non_ghg_source_quote_scope,"Keep Scope wording only as a source quotation. In UI labels and graph terminology for this non-GHG standard, use direct/indirect emissions or disclosure/assurance wording.",tcfd,TCFD,TCFD,Climate disclosure framework,气候披露框架,r244_allstate,244,ALLSTATE,好事达,2024_ALLSTATE SustainabilityReport_FINAL.pdf,5,seed_batch_06,medium,"sen not to make specific time bound commitments on Scope 3 emissions given lack of precision in measurement, limited control over third parties and unknown impacts on customers and shareholders. 33% In 2023, we decreased Scope 1 and 2 emiss","sen not to make specific time bound commitments on Scope 3 emissions given lack of precision in measurement, limited control over third parties and unknown i...",Non-GHG standard: use direct/indirect emissions wording in UI; preserve Scope wording only inside source quotations that require review.
P2_verify_non_ghg_source_quote_scope,"Keep Scope wording only as a source quotation. In UI labels and graph terminology for this non-GHG standard, use direct/indirect emissions or disclosure/assurance wording.",gb_t_2589_2020,GB/T 2589-2020,GB/T 2589-2020,Chinese national standard system,中国国家标准体系,r250_contemporaryamperextechnology,250,CONTEMPORARY AMPEREX TECHNOLOGY,宁德时代新能源科技股份有限公司,宁德时代2024年ESG报告.pdf,64,seed_batch_12,medium,电池生产基地排放强度 温室气体排放强度 3 吨二氧化碳当量/ 兆瓦时 9.98 5.77 4.56 电芯 吨二氧化碳当量/ 兆瓦时 8.74 5.02 4.12 封装模组 吨二氧化碳当量/ 兆瓦时 0.34 0.15 0.04 电池包 吨二氧化碳当量/ 兆瓦时 0.22 0.11 0.08 其他 吨二氧化碳当量/ 兆瓦时 0.69 0.49 0.32 温室气体排放强度同比下降比例 4 % 28.61 42.18 20.97 1 温室气体排放总量包括范围一、范围二温室气体排放。,电池生产基地排放强度 温室气体排放强度 3 吨二氧化碳当量/ 兆瓦时 9.98 5.77 4.56 电芯 吨二氧化碳当量/ 兆瓦时 8.74 5.02 4.12 封装模组 吨二氧化碳当量/ 兆瓦时 0.34 0.15 0.04 电池包 吨二氧化碳当量/ 兆瓦时 0.22 0.11 0.08 其他 吨二氧化碳当量/...,Non-GHG standard: use direct/indirect emissions wording in UI; preserve Scope wording only inside source quotations that require review.
P2_verify_non_ghg_source_quote_scope,"Keep Scope wording only as a source quotation. In UI labels and graph terminology for this non-GHG standard, use direct/indirect emissions or disclosure/assurance wording.",gb_t_32150_2015,GB/T 32150-2015,GB/T 32150-2015,Chinese national standard system,中国国家标准体系,r250_contemporaryamperextechnology,250,CONTEMPORARY AMPEREX TECHNOLOGY,宁德时代新能源科技股份有限公司,宁德时代2024年ESG报告.pdf,64,seed_batch_12,medium,电池生产基地排放强度 温室气体排放强度 3 吨二氧化碳当量/ 兆瓦时 9.98 5.77 4.56 电芯 吨二氧化碳当量/ 兆瓦时 8.74 5.02 4.12 封装模组 吨二氧化碳当量/ 兆瓦时 0.34 0.15 0.04 电池包 吨二氧化碳当量/ 兆瓦时 0.22 0.11 0.08 其他 吨二氧化碳当量/ 兆瓦时 0.69 0.49 0.32 温室气体排放强度同比下降比例 4 % 28.61 42.18 20.97 1 温室气体排放总量包括范围一、范围二温室气体排放。,电池生产基地排放强度 温室气体排放强度 3 吨二氧化碳当量/ 兆瓦时 9.98 5.77 4.56 电芯 吨二氧化碳当量/ 兆瓦时 8.74 5.02 4.12 封装模组 吨二氧化碳当量/ 兆瓦时 0.34 0.15 0.04 电池包 吨二氧化碳当量/ 兆瓦时 0.22 0.11 0.08 其他 吨二氧化碳当量/...,Non-GHG standard: use direct/indirect emissions wording in UI; preserve Scope wording only inside source quotations that require review.
P2_verify_non_ghg_source_quote_scope,"Keep Scope wording only as a source quotation. In UI labels and graph terminology for this non-GHG standard, use direct/indirect emissions or disclosure/assurance wording.",pcaf,PCAF,PCAF,Financed emissions accounting system,投融资排放核算体系,r252_bancobradesco,252,BANCO BRADESCO,巴西布拉德斯科银行,2024 BANCO BRADESCO ESG Report.pdf,7,seed_batch_06,medium,"ded this neutralization to scope 3 operational emissions. And from 2020, we started operating with 100% renewable energy. We were also the first bank in the country to measure and disclose emissions from the corporate credit portfolio, usin","ded this neutralization to scope 3 operational emissions. And from 2020, we started operating with 100% renewable energy. We were also the first bank in the ...",Non-GHG standard: use direct/indirect emissions wording in UI; preserve Scope wording only inside source quotations that require review.
P2_verify_non_ghg_source_quote_scope,"Keep Scope wording only as a source quotation. In UI labels and graph terminology for this non-GHG standard, use direct/indirect emissions or disclosure/assurance wording.",sbti,SBTi,SBTi,Climate target governance system,气候目标治理体系,r263_novartis,263,NOVARTIS,诺华公司,novartis-integrated-report-2024.pdf,27,seed_batch_07,medium,"rgy solutions across our operations, and reduce consumption of natural resources. Our activities led to a reduction of our own emissions and those from purchased energy (Scope 1 and 2) by 20% from the prior year and 71% from a 2016 base yea","rgy solutions across our operations, and reduce consumption of natural resources. Our activities led to a reduction of our own emissions and those from purch...",Non-GHG standard: use direct/indirect emissions wording in UI; preserve Scope wording only inside source quotations that require review.
P2_verify_non_ghg_source_quote_scope,"Keep Scope wording only as a source quotation. In UI labels and graph terminology for this non-GHG standard, use direct/indirect emissions or disclosure/assurance wording.",sbti,SBTi,SBTi,Climate target governance system,气候目标治理体系,r273_iberdrola公司,273,Iberdrola,Iberdrola,gsm25-IBERDROLA-sustainability-report-2024.pdf,81,seed_batch_07,medium,"ecific CO2 emissions intensity in 2021 of all electricity companies included in the Euro Stoxx Utilities Index. This emissions reduction target, detailed in E1-4 section, is in line with the Group's Scope 1 emissions intensity reduction tar","ecific CO2 emissions intensity in 2021 of all electricity companies included in the Euro Stoxx Utilities Index. This emissions reduction target, detailed in ...",Non-GHG standard: use direct/indirect emissions wording in UI; preserve Scope wording only inside source quotations that require review.
P2_verify_non_ghg_source_quote_scope,"Keep Scope wording only as a source quotation. In UI labels and graph terminology for this non-GHG standard, use direct/indirect emissions or disclosure/assurance wording.",sbti,SBTi,SBTi,Climate target governance system,气候目标治理体系,r286_bayer,286,BAYER,拜耳集团,bayer-impact-report-2024.pdf,8,seed_batch_07,medium,"sures to support SDG 13 “Climate action.” For example, we are reducing our own greenhouse gas emissions (Scope 1 & 2) and greenhouse gas emissions along our value chain (Scope 3). Our reduction targets were confirmed by the Sci- ence Based","sures to support SDG 13 “Climate action.” For example, we are reducing our own greenhouse gas emissions (Scope 1 & 2) and greenhouse gas emissions along our ...",Non-GHG standard: use direct/indirect emissions wording in UI; preserve Scope wording only inside source quotations that require review.
P2_verify_non_ghg_source_quote_scope,"Keep Scope wording only as a source quotation. In UI labels and graph terminology for this non-GHG standard, use direct/indirect emissions or disclosure/assurance wording.",pcaf,PCAF,PCAF,Financed emissions accounting system,投融资排放核算体系,r302_chubb,302,CHUBB,安达保险公司,Chubb-2024-Sustainability-Report.pdf,14,seed_batch_07,medium,"ssions.9 Most importantly, the calculation of an “attribution factor” for Scope 3 insurance-associated emissions can cause the ultimate “attributed” value to vary for many reasons that have nothing to do with changes in emissions in the rea","ssions.9 Most importantly, the calculation of an “attribution factor” for Scope 3 insurance-associated emissions can cause the ultimate “attributed” value to...",Non-GHG standard: use direct/indirect emissions wording in UI; preserve Scope wording only inside source quotations that require review.
P2_verify_non_ghg_source_quote_scope,"Keep Scope wording only as a source quotation. In UI labels and graph terminology for this non-GHG standard, use direct/indirect emissions or disclosure/assurance wording.",sbti,SBTi,SBTi,Climate target governance system,气候目标治理体系,r308_veoliaenvironnement,308,VEOLIA ENVIRONNEMENT,法国威立雅环境集团,veolia-2024-esg-report.pdf,16,seed_batch_14,medium,(1) Across 67% of the scope 3 total in line with the medium-term target defined by the SBTi. DECARBONIZING TO LIMIT CLIMATE CHANGE ENVIRONMENT Our commitment: to combat pollution and accelerate ecological transformation. “Veolia’s activitie,(1) Across 67% of the scope 3 total in line with the medium-term target defined by the SBTi. DECARBONIZING TO LIMIT CLIMATE CHANGE ENVIRONMENT Our commitment...,Non-GHG standard: use direct/indirect emissions wording in UI; preserve Scope wording only inside source quotations that require review.
P2_verify_non_ghg_source_quote_scope,"Keep Scope wording only as a source quotation. In UI labels and graph terminology for this non-GHG standard, use direct/indirect emissions or disclosure/assurance wording.",sbti,SBTi,SBTi,Climate target governance system,气候目标治理体系,r310_vodafonegroup,310,VODAFONE GROUP,沃达丰集团,Vodafone 2025 Annual Report.pdf,37,seed_batch_07,medium,"n operations (Scope 1 and 2 GHG emissions) by at least 90% globally by 2030, in line with the pathway required to limit global warming to 1.5°C by 2100, is part of Vodafone’s near-term target, which has been validated by the Science Based T","n operations (Scope 1 and 2 GHG emissions) by at least 90% globally by 2030, in line with the pathway required to limit global warming to 1.5°C by 2100, is p...",Non-GHG standard: use direct/indirect emissions wording in UI; preserve Scope wording only inside source quotations that require review.
P2_verify_non_ghg_source_quote_scope,"Keep Scope wording only as a source quotation. In UI labels and graph terminology for this non-GHG standard, use direct/indirect emissions or disclosure/assurance wording.",tcfd,TCFD,TCFD,Climate disclosure framework,气候披露框架,r313_exor集团,313,EXOR,EXOR,EXOR GROUP Sustainability Report 2023.pdf,7,seed_batch_07,medium,"Exor Scope 2 Emissions 35 34 27 Exor Scope 3 Emissions 1,217 4,552 1,771 Exor Total Holding Level Emissions 1,259 4,594 1,811 Exor Companies Emissions (Scope 1 and 2)¹ 411,752 351,328 1) FY2023 emissions data from the companies will be disc","Exor Scope 2 Emissions 35 34 27 Exor Scope 3 Emissions 1,217 4,552 1,771 Exor Total Holding Level Emissions 1,259 4,594 1,811 Exor Companies Emissions (Scope...",Non-GHG standard: use direct/indirect emissions wording in UI; preserve Scope wording only inside source quotations that require review.
P2_verify_non_ghg_source_quote_scope,"Keep Scope wording only as a source quotation. In UI labels and graph terminology for this non-GHG standard, use direct/indirect emissions or disclosure/assurance wording.",pcaf,PCAF,PCAF,Financed emissions accounting system,投融资排放核算体系,r315_unicreditgroup,315,UNICREDIT GROUP,联合信贷集团,2024-UNICREDIT GROUP-Annual-Reports-and-Accounts.pdf,140,seed_batch_07,medium,"In the absence of primary data from stakeholders, UniCredit relies on estimation techniques that involve assumptions based on the best available information. These techniques include: Emissions factors: for Scope 3 GHG emissions, as indicat","In the absence of primary data from stakeholders, UniCredit relies on estimation techniques that involve assumptions based on the best available information....",Non-GHG standard: use direct/indirect emissions wording in UI; preserve Scope wording only inside source quotations that require review.
P2_verify_non_ghg_source_quote_scope,"Keep Scope wording only as a source quotation. In UI labels and graph terminology for this non-GHG standard, use direct/indirect emissions or disclosure/assurance wording.",sbti,SBTi,SBTi,Climate target governance system,气候目标治理体系,r324_americaninternationalgroup,324,AMERICAN INTERNATIONAL GROUP,美国国际集团,AMERICAN INTERNATIONAL GROUP-aig-sustainability-report-2024.pdf,32,seed_batch_08,medium,ore additional operational emissions 8 AIG's 100% renewable energy commitment applies to scope 2 emissions from electricity usage for facilities controlled or owned by AIG. 9 Using a market-based emissions calculation. 10 The Science Based,ore additional operational emissions 8 AIG's 100% renewable energy commitment applies to scope 2 emissions from electricity usage for facilities controlled o...,Non-GHG standard: use direct/indirect emissions wording in UI; preserve Scope wording only inside source quotations that require review.
P2_verify_non_ghg_source_quote_scope,"Keep Scope wording only as a source quotation. In UI labels and graph terminology for this non-GHG standard, use direct/indirect emissions or disclosure/assurance wording.",iso_14064_3,ISO 14064-3,ISO 14064-3,ISO assurance system,ISO鉴证体系,r367_canadianimperialbankofcommerce,367,CANADIAN IMPERIAL BANK OF COMMERCE,加拿大帝国商业银行,CANADIAN IMPERIAL BANK OF COMMERCE-sustainability-report-2024-en.pdf,26,seed_batch_08,medium,"s in Board-approved executive roles (Canada) •  • Percent of workforce that identify as Indigenous peoples (Canada) •  ISAE 3000 Employee engagement score ISAE 3000 Community investment ISAE 3000 Sustainable finance ISAE 3000 Scope 1, 2,",s in Board-approved executive roles (Canada) •  • Percent of workforce that identify as Indigenous peoples (Canada) •  ISAE 3000 Employee engagement score ...,Non-GHG standard: use direct/indirect emissions wording in UI; preserve Scope wording only inside source quotations that require review.
P2_verify_non_ghg_source_quote_scope,"Keep Scope wording only as a source quotation. In UI labels and graph terminology for this non-GHG standard, use direct/indirect emissions or disclosure/assurance wording.",iso_14040_14044,ISO 14040/14044,ISO 14040/14044,ISO life-cycle assessment system,ISO生命周期评价体系,r368_lyondellbasellindustries,368,LYONDELLBASELL INDUSTRIES,利安德巴塞尔工业公司,2024-LYONDELLBASELL INDUSTRIES-sustainability-report.pdf,26,seed_batch_08,medium,"with customers on their scope 3 emission targets, and work to evaluate our supply chain. Additionally, we are collaborating to support the harmonization of product life cycle metrics and their application (e.g., ISO 14040/44, Product Enviro","with customers on their scope 3 emission targets, and work to evaluate our supply chain. Additionally, we are collaborating to support the harmonization of p...",Non-GHG standard: use direct/indirect emissions wording in UI; preserve Scope wording only inside source quotations that require review.
P2_verify_non_ghg_source_quote_scope,"Keep Scope wording only as a source quotation. In UI labels and graph terminology for this non-GHG standard, use direct/indirect emissions or disclosure/assurance wording.",sbti,SBTi,SBTi,Climate target governance system,气候目标治理体系,r369_jsainsbury,369,J. SAINSBURY,森宝利公司,sainsburys-plan-for-better-report-2024-25.pdf,4,seed_batch_08,medium,"erations, from our 2018/19 baseline £33.8m raised for good causes this year 373% more surplus food redistributed to communities versus our 2019/20 baseline 39.8% of our Scope 3 emissions are covered by suppliers that have had any 1.5oC targ","erations, from our 2018/19 baseline £33.8m raised for good causes this year 373% more surplus food redistributed to communities versus our 2019/20 baseline 3...",Non-GHG standard: use direct/indirect emissions wording in UI; preserve Scope wording only inside source quotations that require review.
P2_verify_non_ghg_source_quote_scope,"Keep Scope wording only as a source quotation. In UI labels and graph terminology for this non-GHG standard, use direct/indirect emissions or disclosure/assurance wording.",sbti,SBTi,SBTi,Climate target governance system,气候目标治理体系,r376_abbottlaboratories,376,ABBOTT LABORATORIES,雅培公司,Abbott-2024-Global-Sustainability-Report-June-2025.pdf,13,seed_batch_14,medium,"l business loans, and technical assistance since March 2022. Protect a healthy environment Reduce absolute Scope 1 and 2 carbon emissions by 30%, from a 2018 baseline, by the end of 2030, consistent with the objectives of the Science-Based","l business loans, and technical assistance since March 2022. Protect a healthy environment Reduce absolute Scope 1 and 2 carbon emissions by 30%, from a 2018...",Non-GHG standard: use direct/indirect emissions wording in UI; preserve Scope wording only inside source quotations that require review.
P2_verify_non_ghg_source_quote_scope,"Keep Scope wording only as a source quotation. In UI labels and graph terminology for this non-GHG standard, use direct/indirect emissions or disclosure/assurance wording.",iso_14064,ISO 14064,ISO 14064,GHG accounting system,温室气体核算体系,r392_coop集团,392,Coop,Coop,COOP GROUP Fortschrittsbericht-Nachhaltigkeit-2024_en.pdf,216,seed_batch_08,medium,We used the “operational control” approach as per the Green­ house Gas (GHG) Protocol to calculate CO2e emissions. The Scope 3 emissions were calculated in accordance with ISO 14064 and the GHG Protocol guidelines. Detailed informa­ tion on,We used the “operational control” approach as per the Green­ house Gas (GHG) Protocol to calculate CO2e emissions. The Scope 3 emissions were calculated in a...,Non-GHG standard: use direct/indirect emissions wording in UI; preserve Scope wording only inside source quotations that require review.
P2_verify_non_ghg_source_quote_scope,"Keep Scope wording only as a source quotation. In UI labels and graph terminology for this non-GHG standard, use direct/indirect emissions or disclosure/assurance wording.",sbti,SBTi,SBTi,Climate target governance system,气候目标治理体系,r398_compassgroup,398,COMPASS GROUP,康帕斯集团,COMPASS GROUP sustainability-report_2024.pdf,10,seed_batch_09,medium,nd 3 emissions compared to 2023. Climate goals Climate net zero 1 by 2050 across our value chain 46% reduction in absolute Scope 1 & 2 GHG emissions by 2030 28% reduction in absolute Scope 3 GHG emissions associated with the food and drink,nd 3 emissions compared to 2023. Climate goals Climate net zero 1 by 2050 across our value chain 46% reduction in absolute Scope 1 & 2 GHG emissions by 2030 ...,Non-GHG standard: use direct/indirect emissions wording in UI; preserve Scope wording only inside source quotations that require review.
P2_verify_non_ghg_source_quote_scope,"Keep Scope wording only as a source quotation. In UI labels and graph terminology for this non-GHG standard, use direct/indirect emissions or disclosure/assurance wording.",sbti,SBTi,SBTi,Climate target governance system,气候目标治理体系,r407_haiersmarthome,407,HAIER SMART HOME,海尔智家股份有限公司,海尔智家股份有限公司2024ESG报告.pdf,86,seed_batch_09,medium,"数据来源以及所采用的评估方法，并可能受到其他未预见的不确 指标及目标 定性因素和主观判断的影响 。 2024 年起，海尔智家加速推进减破规划工作，并取得阶段性成果。海尔 智家中国区在“十五五”时期将以国家双控制度为指引，承诺以 2024 年 风险管理 为基准年，到 2030 年实现国内范围一、二温室气体排放强度降低 10%. 未来，海尔智家将持续完善中长期战略规划工作，预计于 2025 年内发布 体碳中和目标，智启“零碳未来""，共创绿色家园。此外，本年度，海 尔冷柜短期减排目",数据来源以及所采用的评估方法，并可能受到其他未预见的不确 指标及目标 定性因素和主观判断的影响 。 2024 年起，海尔智家加速推进减破规划工作，并取得阶段性成果。海尔 智家中国区在“十五五”时期将以国家双控制度为指引，承诺以 2024 年 风险管理 为基准年，到 2030 年实现国内范围一、二温室气体排放强度降...,Non-GHG standard: use direct/indirect emissions wording in UI; preserve Scope wording only inside source quotations that require review.
P2_verify_non_ghg_source_quote_scope,"Keep Scope wording only as a source quotation. In UI labels and graph terminology for this non-GHG standard, use direct/indirect emissions or disclosure/assurance wording.",sbti,SBTi,SBTi,Climate target governance system,气候目标治理体系,r413_honeywellinternational,413,HONEYWELL INTERNATIONAL,霍尼韦尔国际公司,HONEYWELL INTERNATIONAL-2025-impact-report.pdf,9,seed_batch_09,medium,"all internal and external stakeholders1 >90% REDUCTION in Scope 1 and Scope 2 greenhouse gas intensity since 2004 6,800+ efficiency, emissions reduction, water and waste projects since 2010 Validated SCIENCE-BASED TARGET with Science Based","all internal and external stakeholders1 >90% REDUCTION in Scope 1 and Scope 2 greenhouse gas intensity since 2004 6,800+ efficiency, emissions reduction, wat...",Non-GHG standard: use direct/indirect emissions wording in UI; preserve Scope wording only inside source quotations that require review.
P2_verify_non_ghg_source_quote_scope,"Keep Scope wording only as a source quotation. In UI labels and graph terminology for this non-GHG standard, use direct/indirect emissions or disclosure/assurance wording.",sbti,SBTi,SBTi,Climate target governance system,气候目标治理体系,r421_jardinematheson,421,JARDINE MATHESON,怡和集团,2024_JARDINE MATHESON_sustainability_report.pdf,4,seed_batch_09,medium,"2024 Highlights Accelerating decarbonisation 100% portfolio companies established scope 1 and 2 decarbonisation roadmaps, most are 1.5°C-aligned JEC, JRG and Zung Fu achieved target validation for scope 1, 2 and 3 emissions in 2024 from SBT","2024 Highlights Accelerating decarbonisation 100% portfolio companies established scope 1 and 2 decarbonisation roadmaps, most are 1.5°C-aligned JEC, JRG and...",Non-GHG standard: use direct/indirect emissions wording in UI; preserve Scope wording only inside source quotations that require review.
P2_verify_non_ghg_source_quote_scope,"Keep Scope wording only as a source quotation. In UI labels and graph terminology for this non-GHG standard, use direct/indirect emissions or disclosure/assurance wording.",sbti,SBTi,SBTi,Climate target governance system,气候目标治理体系,r422_mondelezinternational,422,MONDELEZ INTERNATIONAL,亿滋国际,2024-MONDELEZ INTERNATIONAL-Snacking-Made-Right-ESG-Report.pdf,16,seed_batch_09,medium,"we can support key suppliers to develop the knowledge and skills needed to measure their Scope 3 emissions, conduct foot printing, set goals, identify opportunities for abatement and disclose information in alignment with the Science Based","we can support key suppliers to develop the knowledge and skills needed to measure their Scope 3 emissions, conduct foot printing, set goals, identify opport...",Non-GHG standard: use direct/indirect emissions wording in UI; preserve Scope wording only inside source quotations that require review.
P2_verify_non_ghg_source_quote_scope,"Keep Scope wording only as a source quotation. In UI labels and graph terminology for this non-GHG standard, use direct/indirect emissions or disclosure/assurance wording.",sbti,SBTi,SBTi,Climate target governance system,气候目标治理体系,r427_broadcom,427,BROADCOM,博通公司,broadcom-2024-corpresponsibility-final.pdf,3,seed_batch_09,medium,rmination of our employees and the strength of our business and products. We continue to make progress on our commitment to reduce our Scope 1 and Scope 2 greenhouse gas (GHG) emissions in line with the UN Paris Agreement and Science Based,rmination of our employees and the strength of our business and products. We continue to make progress on our commitment to reduce our Scope 1 and Scope 2 gr...,Non-GHG standard: use direct/indirect emissions wording in UI; preserve Scope wording only inside source quotations that require review.
P2_verify_non_ghg_source_quote_scope,"Keep Scope wording only as a source quotation. In UI labels and graph terminology for this non-GHG standard, use direct/indirect emissions or disclosure/assurance wording.",sbti,SBTi,SBTi,Climate target governance system,气候目标治理体系,r443_crh公司,443,CRH,CRH,crh-2024-sustainability-performance-report_final_interactive-1.pdf,39,seed_batch_09,medium,"emissions reduction target of 30% by 2030 (from a 2021 base year) inclusive of organic business growth. This target applies to our group-wide gross carbon emissions and covers our total footprint across Scope 1, 2 and 3. The Science Based T",emissions reduction target of 30% by 2030 (from a 2021 base year) inclusive of organic business growth. This target applies to our group-wide gross carbon em...,Non-GHG standard: use direct/indirect emissions wording in UI; preserve Scope wording only inside source quotations that require review.
P2_verify_non_ghg_source_quote_scope,"Keep Scope wording only as a source quotation. In UI labels and graph terminology for this non-GHG standard, use direct/indirect emissions or disclosure/assurance wording.",pcaf,PCAF,PCAF,Financed emissions accounting system,投融资排放核算体系,r449_nationalaustraliabank,449,NATIONAL AUSTRALIA BANK,澳大利亚国民银行,2024-NATIONAL AUSTRALIA BANK-climate-report.pdf,49,seed_batch_10,medium,lement Approach 2021 baseline(1) 0.17 tCO2-e/MWh Metric Emissions intensity (tCO2-e/MWh) Emissions Scope Scope 1 and 2 2030 Target(1) 0.14 tCO2-e/MWh (18% reduction against 2021 baseline) Reference pathway IEA NZE 2050 (2021) Data quality s,lement Approach 2021 baseline(1) 0.17 tCO2-e/MWh Metric Emissions intensity (tCO2-e/MWh) Emissions Scope Scope 1 and 2 2030 Target(1) 0.14 tCO2-e/MWh (18% re...,Non-GHG standard: use direct/indirect emissions wording in UI; preserve Scope wording only inside source quotations that require review.
P2_verify_non_ghg_source_quote_scope,"Keep Scope wording only as a source quotation. In UI labels and graph terminology for this non-GHG standard, use direct/indirect emissions or disclosure/assurance wording.",sbti,SBTi,SBTi,Climate target governance system,气候目标治理体系,r468_netflix公司,468,Netflix,Netflix,2024-Netflix-Environmental-Social-Governance-Report.pdf,6,seed_batch_10,medium,"tes (SAFc) in our Scopes 1 and 3 emissions. Refer to the appendix for further details. Scope 1 51,487 30,883 62,815 59,388 25,790 49,647 Scope 2 26,317 29,356 31,937 23,622 15,281 25,353 TOTAL (Scopes 1 and 2) 77,804 60,239 94,752 83,010 41","tes (SAFc) in our Scopes 1 and 3 emissions. Refer to the appendix for further details. Scope 1 51,487 30,883 62,815 59,388 25,790 49,647 Scope 2 26,317 29,35...",Non-GHG standard: use direct/indirect emissions wording in UI; preserve Scope wording only inside source quotations that require review.
P2_verify_non_ghg_source_quote_scope,"Keep Scope wording only as a source quotation. In UI labels and graph terminology for this non-GHG standard, use direct/indirect emissions or disclosure/assurance wording.",sbti,SBTi,SBTi,Climate target governance system,气候目标治理体系,r469_novonordisk,469,NOVO NORDISK,诺和诺德公司,novo-nordisk-annual-report-2024.pdf,14,seed_batch_10,medium,"our medicines. To achieve net zero emissions by 2045, we have a roadmap to reduce scope 3 emissions by 33% by 2033, using 2024 as the baseline. This target – which covers nearly 70% of our scope 3 emissions in accordance with Science Based","our medicines. To achieve net zero emissions by 2045, we have a roadmap to reduce scope 3 emissions by 33% by 2033, using 2024 as the baseline. This target –...",Non-GHG standard: use direct/indirect emissions wording in UI; preserve Scope wording only inside source quotations that require review.
P2_verify_non_ghg_source_quote_scope,"Keep Scope wording only as a source quotation. In UI labels and graph terminology for this non-GHG standard, use direct/indirect emissions or disclosure/assurance wording.",sbti,SBTi,SBTi,Climate target governance system,气候目标治理体系,r478_siemensenergy,478,SIEMENS ENERGY,西门子能源,SIEMENS ENERGY-sustainability-report-2024-pdf_Original%20file.pdf,6,seed_batch_10,medium,"ts. Clearly, it’s here we have the opportunity to make a major difference – and we’re already building new partnerships and working collaboratively with our customers to achieve this. Our goal is to reduce these Scope 3 downstream emissions","ts. Clearly, it’s here we have the opportunity to make a major difference – and we’re already building new partnerships and working collaboratively with our ...",Non-GHG standard: use direct/indirect emissions wording in UI; preserve Scope wording only inside source quotations that require review.
P2_verify_non_ghg_source_quote_scope,"Keep Scope wording only as a source quotation. In UI labels and graph terminology for this non-GHG standard, use direct/indirect emissions or disclosure/assurance wording.",esrs_csrd,ESRS/CSRD,ESRS/CSRD,EU sustainability disclosure regime,欧盟可持续披露体系,r478_siemensenergy,478,SIEMENS ENERGY,西门子能源,SIEMENS ENERGY-sustainability-report-2024-pdf_Original%20file.pdf,8,seed_batch_10,medium,ion. I think this shows our commitment to understand- ing and calculating Scope 3 emissions and how serious we are about man- aging them. This is going to become more and more relevant going for- ward with the new Corporate Sustainability R,ion. I think this shows our commitment to understand- ing and calculating Scope 3 emissions and how serious we are about man- aging them. This is going to be...,Non-GHG standard: use direct/indirect emissions wording in UI; preserve Scope wording only inside source quotations that require review.
P2_verify_non_ghg_source_quote_scope,"Keep Scope wording only as a source quotation. In UI labels and graph terminology for this non-GHG standard, use direct/indirect emissions or disclosure/assurance wording.",iso_14067,ISO 14067,ISO 14067,ISO product carbon standard,ISO产品碳足迹标准,r479_schlumberger,479,SCHLUMBERGER,斯伦贝谢公司,SCHLUMBERGER-sustainability-report-2024.pdf,16,seed_batch_10,medium,"Scope 3 in Our Value Chain continued The Environmental Steward (TES) Application Deployed in 2024 and to be adopted by all engineering teams, the TES app formalizes adherence to our ISO 14067-aligned Life Cycle Assessment (LCA) method, enab","Scope 3 in Our Value Chain continued The Environmental Steward (TES) Application Deployed in 2024 and to be adopted by all engineering teams, the TES app for...",Non-GHG standard: use direct/indirect emissions wording in UI; preserve Scope wording only inside source quotations that require review.
P2_verify_non_ghg_source_quote_scope,"Keep Scope wording only as a source quotation. In UI labels and graph terminology for this non-GHG standard, use direct/indirect emissions or disclosure/assurance wording.",sbti,SBTi,SBTi,Climate target governance system,气候目标治理体系,r487_heineken,487,HEINEKEN,喜力公司,heineken_n_v_annual_report_2024_final_20feb2025.pdf,19,seed_batch_11,medium,"y 20302 alongside reducing Scope 3 emissions by 26%. We aim to reduce Scope 3 by decreasing forest, land and agriculture (FLAG) emissions by 30% and energy-based emissions (non- FLAG) by 25%. These goals were validated by the Science Based","y 20302 alongside reducing Scope 3 emissions by 26%. We aim to reduce Scope 3 by decreasing forest, land and agriculture (FLAG) emissions by 30% and energy-b...",Non-GHG standard: use direct/indirect emissions wording in UI; preserve Scope wording only inside source quotations that require review.
P2_verify_non_ghg_source_quote_scope,"Keep Scope wording only as a source quotation. In UI labels and graph terminology for this non-GHG standard, use direct/indirect emissions or disclosure/assurance wording.",esrs_csrd,ESRS/CSRD,ESRS/CSRD,EU sustainability disclosure regime,欧盟可持续披露体系,r494_metro,494,METRO,麦德龙,entire-metro-ar24.pdf,49,seed_batch_11,medium,lute Scope 3 CO2 emissions10 (supply chain) by 15% by 2030 compared to 2018. Our goals for Scope 1 and Scope 2 are thus in line with the reductions required to keep global warming well below 2°C by 2100 compared to pre-industrial levels. Si,lute Scope 3 CO2 emissions10 (supply chain) by 15% by 2030 compared to 2018. Our goals for Scope 1 and Scope 2 are thus in line with the reductions required ...,Non-GHG standard: use direct/indirect emissions wording in UI; preserve Scope wording only inside source quotations that require review.
P2_verify_non_ghg_source_quote_scope,"Keep Scope wording only as a source quotation. In UI labels and graph terminology for this non-GHG standard, use direct/indirect emissions or disclosure/assurance wording.",sbti,SBTi,SBTi,Climate target governance system,气候目标治理体系,r494_metro,494,METRO,麦德龙,entire-metro-ar24.pdf,49,seed_batch_11,medium,lute Scope 3 CO2 emissions10 (supply chain) by 15% by 2030 compared to 2018. Our goals for Scope 1 and Scope 2 are thus in line with the reductions required to keep global warming well below 2°C by 2100 compared to pre-industrial levels. Si,lute Scope 3 CO2 emissions10 (supply chain) by 15% by 2030 compared to 2018. Our goals for Scope 1 and Scope 2 are thus in line with the reductions required ...,Non-GHG standard: use direct/indirect emissions wording in UI; preserve Scope wording only inside source quotations that require review.
P2_verify_non_ghg_source_quote_scope,"Keep Scope wording only as a source quotation. In UI labels and graph terminology for this non-GHG standard, use direct/indirect emissions or disclosure/assurance wording.",iso_14064,ISO 14064,ISO 14064,GHG accounting system,温室气体核算体系,r500_三星candt公司,500,Samsung C&T,三星C&T,2025 Samsung C&T Sustainability Report.pdf,119,seed_batch_12,medium,tegory 7 commuting Data Verified: Domestic and Overseas Corporation Scope 1&2 Emissions in 2024 Verification Criteria and Protocol The verification was performed at the request of Samsung C&T Corporation using the following verification sta,tegory 7 commuting Data Verified: Domestic and Overseas Corporation Scope 1&2 Emissions in 2024 Verification Criteria and Protocol The verification was perfo...,Non-GHG standard: use direct/indirect emissions wording in UI; preserve Scope wording only inside source quotations that require review.
